depth,null_condition,seed,trial_id,pairwise_distance,mean_d,ci_lower,ci_upper,boot_se,perm_p_unadj,perm_p_fdr,hedges_g,g_ci_lower,g_ci_upper,verdict_flag
128,NATURAL_REFERENCE,101-202,trial_d128_NATURAL_s101_202_r0,0.00027491,0.00104576,0.00068437,0.00140715,0.00018438,1.000000,1.000000,0.0000,0.0000,0.0000,BASELINE_REFERENCE
128,NATURAL_REFERENCE,101-202,trial_d128_NATURAL_s101_202_r1,0.00048313,0.00104576,0.00068437,0.00140715,0.00018438,1.000000,1.000000,0.0000,0.0000,0.0000,BASELINE_REFERENCE
128,NATURAL_REFERENCE,101-202,trial_d128_NATURAL_s101_202_r2,0.00038178,0.00104576,0.00068437,0.00140715,0.00018438,1.000000,1.000000,0.0000,0.0000,0.0000,BASELINE_REFERENCE
128,NATURAL_REFERENCE,101-303,trial_d128_NATURAL_s101_303_r0,0.00133723,0.00104576,0.00068437,0.00140715,0.00018438,1.000000,1.000000,0.0000,0.0000,0.0000,BASELINE_REFERENCE
128,NATURAL_REFERENCE,101-303,trial_d128_NATURAL_s101_303_r1,0.00129894,0.00104576,0.00068437,0.00140715,0.00018438,1.000000,1.000000,0.0000,0.0000,0.0000,BASELINE_REFERENCE
128,NATURAL_REFERENCE,101-303,trial_d128_NATURAL_s101_303_r2,0.00092992,0.00104576,0.00068437,0.00140715,0.00018438,1.000000,1.000000,0.0000,0.0000,0.0000,BASELINE_REFERENCE
128,NATURAL_REFERENCE,202-303,trial_d128_NATURAL_s202_303_r0,0.00161214,0.00104576,0.00068437,0.00140715,0.00018438,1.000000,1.000000,0.0000,0.0000,0.0000,BASELINE_REFERENCE
128,NATURAL_REFERENCE,202-303,trial_d128_NATURAL_s202_303_r1,0.00178208,0.00104576,0.00068437,0.00140715,0.00018438,1.000000,1.000000,0.0000,0.0000,0.0000,BASELINE_REFERENCE
128,NATURAL_REFERENCE,202-303,trial_d128_NATURAL_s202_303_r2,0.00131171,0.00104576,0.00068437,0.00140715,0.00018438,1.000000,1.000000,0.0000,0.0000,0.0000,BASELINE_REFERENCE
256,NATURAL_REFERENCE,101-202,trial_d256_NATURAL_s101_202_r0,0.00023553,0.00052371,0.00036820,0.00067922,0.00007934,1.000000,1.000000,0.0000,0.0000,0.0000,BASELINE_REFERENCE
256,NATURAL_REFERENCE,101-202,trial_d256_NATURAL_s101_202_r1,0.00020986,0.00052371,0.00036820,0.00067922,0.00007934,1.000000,1.000000,0.0000,0.0000,0.0000,BASELINE_REFERENCE
256,NATURAL_REFERENCE,101-202,trial_d256_NATURAL_s101_202_r2,0.00029897,0.00052371,0.00036820,0.00067922,0.00007934,1.000000,1.000000,0.0000,0.0000,0.0000,BASELINE_REFERENCE
256,NATURAL_REFERENCE,101-303,trial_d256_NATURAL_s101_303_r0,0.00058336,0.00052371,0.00036820,0.00067922,0.00007934,1.000000,1.000000,0.0000,0.0000,0.0000,BASELINE_REFERENCE
256,NATURAL_REFERENCE,101-303,trial_d256_NATURAL_s101_303_r1,0.00049177,0.00052371,0.00036820,0.00067922,0.00007934,1.000000,1.000000,0.0000,0.0000,0.0000,BASELINE_REFERENCE
256,NATURAL_REFERENCE,101-303,trial_d256_NATURAL_s101_303_r2,0.00053722,0.00052371,0.00036820,0.00067922,0.00007934,1.000000,1.000000,0.0000,0.0000,0.0000,BASELINE_REFERENCE
256,NATURAL_REFERENCE,202-303,trial_d256_NATURAL_s202_303_r0,0.00081888,0.00052371,0.00036820,0.00067922,0.00007934,1.000000,1.000000,0.0000,0.0000,0.0000,BASELINE_REFERENCE
256,NATURAL_REFERENCE,202-303,trial_d256_NATURAL_s202_303_r1,0.00070163,0.00052371,0.00036820,0.00067922,0.00007934,1.000000,1.000000,0.0000,0.0000,0.0000,BASELINE_REFERENCE
256,NATURAL_REFERENCE,202-303,trial_d256_NATURAL_s202_303_r2,0.00083618,0.00052371,0.00036820,0.00067922,0.00007934,1.000000,1.000000,0.0000,0.0000,0.0000,BASELINE_REFERENCE
384,NATURAL_REFERENCE,101-202,trial_d384_NATURAL_s101_202_r0,0.00048065,0.00059145,0.00043817,0.00074474,0.00007821,1.000000,1.000000,0.0000,0.0000,0.0000,BASELINE_REFERENCE
384,NATURAL_REFERENCE,101-202,trial_d384_NATURAL_s101_202_r1,0.00059768,0.00059145,0.00043817,0.00074474,0.00007821,1.000000,1.000000,0.0000,0.0000,0.0000,BASELINE_REFERENCE
384,NATURAL_REFERENCE,101-202,trial_d384_NATURAL_s101_202_r2,0.00045719,0.00059145,0.00043817,0.00074474,0.00007821,1.000000,1.000000,0.0000,0.0000,0.0000,BASELINE_REFERENCE
384,NATURAL_REFERENCE,101-303,trial_d384_NATURAL_s101_303_r0,0.00040516,0.00059145,0.00043817,0.00074474,0.00007821,1.000000,1.000000,0.0000,0.0000,0.0000,BASELINE_REFERENCE
384,NATURAL_REFERENCE,101-303,trial_d384_NATURAL_s101_303_r1,0.00034320,0.00059145,0.00043817,0.00074474,0.00007821,1.000000,1.000000,0.0000,0.0000,0.0000,BASELINE_REFERENCE
384,NATURAL_REFERENCE,101-303,trial_d384_NATURAL_s101_303_r2,0.00037766,0.00059145,0.00043817,0.00074474,0.00007821,1.000000,1.000000,0.0000,0.0000,0.0000,BASELINE_REFERENCE
384,NATURAL_REFERENCE,202-303,trial_d384_NATURAL_s202_303_r0,0.00088581,0.00059145,0.00043817,0.00074474,0.00007821,1.000000,1.000000,0.0000,0.0000,0.0000,BASELINE_REFERENCE
384,NATURAL_REFERENCE,202-303,trial_d384_NATURAL_s202_303_r1,0.00094088,0.00059145,0.00043817,0.00074474,0.00007821,1.000000,1.000000,0.0000,0.0000,0.0000,BASELINE_REFERENCE
384,NATURAL_REFERENCE,202-303,trial_d384_NATURAL_s202_303_r2,0.00083485,0.00059145,0.00043817,0.00074474,0.00007821,1.000000,1.000000,0.0000,0.0000,0.0000,BASELINE_REFERENCE
432,NATURAL_REFERENCE,101-202,trial_d432_NATURAL_s101_202_r0,0.00058140,0.00059734,0.00042993,0.00076475,0.00008541,1.000000,1.000000,0.0000,0.0000,0.0000,BASELINE_REFERENCE
432,NATURAL_REFERENCE,101-202,trial_d432_NATURAL_s101_202_r1,0.00051978,0.00059734,0.00042993,0.00076475,0.00008541,1.000000,1.000000,0.0000,0.0000,0.0000,BASELINE_REFERENCE
432,NATURAL_REFERENCE,101-202,trial_d432_NATURAL_s101_202_r2,0.00064527,0.00059734,0.00042993,0.00076475,0.00008541,1.000000,1.000000,0.0000,0.0000,0.0000,BASELINE_REFERENCE
432,NATURAL_REFERENCE,101-303,trial_d432_NATURAL_s101_303_r0,0.00029376,0.00059734,0.00042993,0.00076475,0.00008541,1.000000,1.000000,0.0000,0.0000,0.0000,BASELINE_REFERENCE
432,NATURAL_REFERENCE,101-303,trial_d432_NATURAL_s101_303_r1,0.00032886,0.00059734,0.00042993,0.00076475,0.00008541,1.000000,1.000000,0.0000,0.0000,0.0000,BASELINE_REFERENCE
432,NATURAL_REFERENCE,101-303,trial_d432_NATURAL_s101_303_r2,0.00031895,0.00059734,0.00042993,0.00076475,0.00008541,1.000000,1.000000,0.0000,0.0000,0.0000,BASELINE_REFERENCE
432,NATURAL_REFERENCE,202-303,trial_d432_NATURAL_s202_303_r0,0.00087516,0.00059734,0.00042993,0.00076475,0.00008541,1.000000,1.000000,0.0000,0.0000,0.0000,BASELINE_REFERENCE
432,NATURAL_REFERENCE,202-303,trial_d432_NATURAL_s202_303_r1,0.00084864,0.00059734,0.00042993,0.00076475,0.00008541,1.000000,1.000000,0.0000,0.0000,0.0000,BASELINE_REFERENCE
432,NATURAL_REFERENCE,202-303,trial_d432_NATURAL_s202_303_r2,0.00096422,0.00059734,0.00042993,0.00076475,0.00008541,1.000000,1.000000,0.0000,0.0000,0.0000,BASELINE_REFERENCE
480,NATURAL_REFERENCE,101-202,trial_d480_NATURAL_s101_202_r0,0.00057857,0.00052780,0.00038512,0.00067048,0.00007280,1.000000,1.000000,0.0000,0.0000,0.0000,BASELINE_REFERENCE
480,NATURAL_REFERENCE,101-202,trial_d480_NATURAL_s101_202_r1,0.00039002,0.00052780,0.00038512,0.00067048,0.00007280,1.000000,1.000000,0.0000,0.0000,0.0000,BASELINE_REFERENCE
480,NATURAL_REFERENCE,101-202,trial_d480_NATURAL_s101_202_r2,0.00045561,0.00052780,0.00038512,0.00067048,0.00007280,1.000000,1.000000,0.0000,0.0000,0.0000,BASELINE_REFERENCE
480,NATURAL_REFERENCE,101-303,trial_d480_NATURAL_s101_303_r0,0.00028797,0.00052780,0.00038512,0.00067048,0.00007280,1.000000,1.000000,0.0000,0.0000,0.0000,BASELINE_REFERENCE
480,NATURAL_REFERENCE,101-303,trial_d480_NATURAL_s101_303_r1,0.00032691,0.00052780,0.00038512,0.00067048,0.00007280,1.000000,1.000000,0.0000,0.0000,0.0000,BASELINE_REFERENCE
480,NATURAL_REFERENCE,101-303,trial_d480_NATURAL_s101_303_r2,0.00033603,0.00052780,0.00038512,0.00067048,0.00007280,1.000000,1.000000,0.0000,0.0000,0.0000,BASELINE_REFERENCE
480,NATURAL_REFERENCE,202-303,trial_d480_NATURAL_s202_303_r0,0.00086653,0.00052780,0.00038512,0.00067048,0.00007280,1.000000,1.000000,0.0000,0.0000,0.0000,BASELINE_REFERENCE
480,NATURAL_REFERENCE,202-303,trial_d480_NATURAL_s202_303_r1,0.00071693,0.00052780,0.00038512,0.00067048,0.00007280,1.000000,1.000000,0.0000,0.0000,0.0000,BASELINE_REFERENCE
480,NATURAL_REFERENCE,202-303,trial_d480_NATURAL_s202_303_r2,0.00079164,0.00052780,0.00038512,0.00067048,0.00007280,1.000000,1.000000,0.0000,0.0000,0.0000,BASELINE_REFERENCE
512,NATURAL_REFERENCE,101-202,trial_d512_NATURAL_s101_202_r0,0.00034722,0.00060120,0.00041979,0.00078262,0.00009256,1.000000,1.000000,0.0000,0.0000,0.0000,BASELINE_REFERENCE
512,NATURAL_REFERENCE,101-202,trial_d512_NATURAL_s101_202_r1,0.00072765,0.00060120,0.00041979,0.00078262,0.00009256,1.000000,1.000000,0.0000,0.0000,0.0000,BASELINE_REFERENCE
512,NATURAL_REFERENCE,101-202,trial_d512_NATURAL_s101_202_r2,0.00059639,0.00060120,0.00041979,0.00078262,0.00009256,1.000000,1.000000,0.0000,0.0000,0.0000,BASELINE_REFERENCE
512,NATURAL_REFERENCE,101-303,trial_d512_NATURAL_s101_303_r0,0.00035811,0.00060120,0.00041979,0.00078262,0.00009256,1.000000,1.000000,0.0000,0.0000,0.0000,BASELINE_REFERENCE
512,NATURAL_REFERENCE,101-303,trial_d512_NATURAL_s101_303_r1,0.00034187,0.00060120,0.00041979,0.00078262,0.00009256,1.000000,1.000000,0.0000,0.0000,0.0000,BASELINE_REFERENCE
512,NATURAL_REFERENCE,101-303,trial_d512_NATURAL_s101_303_r2,0.00033418,0.00060120,0.00041979,0.00078262,0.00009256,1.000000,1.000000,0.0000,0.0000,0.0000,BASELINE_REFERENCE
512,NATURAL_REFERENCE,202-303,trial_d512_NATURAL_s202_303_r0,0.00070533,0.00060120,0.00041979,0.00078262,0.00009256,1.000000,1.000000,0.0000,0.0000,0.0000,BASELINE_REFERENCE
512,NATURAL_REFERENCE,202-303,trial_d512_NATURAL_s202_303_r1,0.00106952,0.00060120,0.00041979,0.00078262,0.00009256,1.000000,1.000000,0.0000,0.0000,0.0000,BASELINE_REFERENCE
512,NATURAL_REFERENCE,202-303,trial_d512_NATURAL_s202_303_r2,0.00093057,0.00060120,0.00041979,0.00078262,0.00009256,1.000000,1.000000,0.0000,0.0000,0.0000,BASELINE_REFERENCE
128,ABLATED,101-202,trial_d128_ABLATED_s101_202_r0,0.00000000,0.00000000,0.00000000,0.00000000,0.00000000,0.000020,0.000135,-2.5463,-5.4406,-1.7796,DIFFERENTIATION_SUPPORTED
128,ABLATED,101-202,trial_d128_ABLATED_s101_202_r1,0.00000000,0.00000000,0.00000000,0.00000000,0.00000000,0.000020,0.000135,-2.5463,-5.4406,-1.7796,DIFFERENTIATION_SUPPORTED
128,ABLATED,101-202,trial_d128_ABLATED_s101_202_r2,0.00000000,0.00000000,0.00000000,0.00000000,0.00000000,0.000020,0.000135,-2.5463,-5.4406,-1.7796,DIFFERENTIATION_SUPPORTED
128,ABLATED,101-303,trial_d128_ABLATED_s101_303_r0,0.00000000,0.00000000,0.00000000,0.00000000,0.00000000,0.000020,0.000135,-2.5463,-5.4406,-1.7796,DIFFERENTIATION_SUPPORTED
128,ABLATED,101-303,trial_d128_ABLATED_s101_303_r1,0.00000000,0.00000000,0.00000000,0.00000000,0.00000000,0.000020,0.000135,-2.5463,-5.4406,-1.7796,DIFFERENTIATION_SUPPORTED
128,ABLATED,101-303,trial_d128_ABLATED_s101_303_r2,0.00000000,0.00000000,0.00000000,0.00000000,0.00000000,0.000020,0.000135,-2.5463,-5.4406,-1.7796,DIFFERENTIATION_SUPPORTED
128,ABLATED,202-303,trial_d128_ABLATED_s202_303_r0,0.00000000,0.00000000,0.00000000,0.00000000,0.00000000,0.000020,0.000135,-2.5463,-5.4406,-1.7796,DIFFERENTIATION_SUPPORTED
128,ABLATED,202-303,trial_d128_ABLATED_s202_303_r1,0.00000000,0.00000000,0.00000000,0.00000000,0.00000000,0.000020,0.000135,-2.5463,-5.4406,-1.7796,DIFFERENTIATION_SUPPORTED
128,ABLATED,202-303,trial_d128_ABLATED_s202_303_r2,0.00000000,0.00000000,0.00000000,0.00000000,0.00000000,0.000020,0.000135,-2.5463,-5.4406,-1.7796,DIFFERENTIATION_SUPPORTED
128,ABLATED,CELL_AGGREGATE,aggregate_d128_ABLATED,,0.00000000,0.00000000,0.00000000,0.00000000,0.000020,0.000135,-2.5463,-5.4406,-1.7796,DIFFERENTIATION_SUPPORTED
128,NEUTRAL_RESET,101-202,trial_d128_NEUTRAL_RESET_s101_202_r0,0.00000000,0.00000000,0.00000000,0.00000000,0.00000000,0.000100,0.000164,-2.5463,-5.4662,-1.7928,DIFFERENTIATION_SUPPORTED
128,NEUTRAL_RESET,101-202,trial_d128_NEUTRAL_RESET_s101_202_r1,0.00000000,0.00000000,0.00000000,0.00000000,0.00000000,0.000100,0.000164,-2.5463,-5.4662,-1.7928,DIFFERENTIATION_SUPPORTED
128,NEUTRAL_RESET,101-202,trial_d128_NEUTRAL_RESET_s101_202_r2,0.00000000,0.00000000,0.00000000,0.00000000,0.00000000,0.000100,0.000164,-2.5463,-5.4662,-1.7928,DIFFERENTIATION_SUPPORTED
128,NEUTRAL_RESET,101-303,trial_d128_NEUTRAL_RESET_s101_303_r0,0.00000000,0.00000000,0.00000000,0.00000000,0.00000000,0.000100,0.000164,-2.5463,-5.4662,-1.7928,DIFFERENTIATION_SUPPORTED
128,NEUTRAL_RESET,101-303,trial_d128_NEUTRAL_RESET_s101_303_r1,0.00000000,0.00000000,0.00000000,0.00000000,0.00000000,0.000100,0.000164,-2.5463,-5.4662,-1.7928,DIFFERENTIATION_SUPPORTED
128,NEUTRAL_RESET,101-303,trial_d128_NEUTRAL_RESET_s101_303_r2,0.00000000,0.00000000,0.00000000,0.00000000,0.00000000,0.000100,0.000164,-2.5463,-5.4662,-1.7928,DIFFERENTIATION_SUPPORTED
128,NEUTRAL_RESET,202-303,trial_d128_NEUTRAL_RESET_s202_303_r0,0.00000000,0.00000000,0.00000000,0.00000000,0.00000000,0.000100,0.000164,-2.5463,-5.4662,-1.7928,DIFFERENTIATION_SUPPORTED
128,NEUTRAL_RESET,202-303,trial_d128_NEUTRAL_RESET_s202_303_r1,0.00000000,0.00000000,0.00000000,0.00000000,0.00000000,0.000100,0.000164,-2.5463,-5.4662,-1.7928,DIFFERENTIATION_SUPPORTED
128,NEUTRAL_RESET,202-303,trial_d128_NEUTRAL_RESET_s202_303_r2,0.00000000,0.00000000,0.00000000,0.00000000,0.00000000,0.000100,0.000164,-2.5463,-5.4662,-1.7928,DIFFERENTIATION_SUPPORTED
128,NEUTRAL_RESET,CELL_AGGREGATE,aggregate_d128_NEUTRAL_RESET,,0.00000000,0.00000000,0.00000000,0.00000000,0.000100,0.000164,-2.5463,-5.4662,-1.7928,DIFFERENTIATION_SUPPORTED
128,TRANSPLANT,101-202,trial_d128_TRANSPLANT_s101_202_r0,0.00027491,0.00104576,0.00069775,0.00137205,0.00017502,1.000000,1.000000,0.0000,-0.9743,0.9624,NO_DIFFERENCE_DETECTED
128,TRANSPLANT,101-202,trial_d128_TRANSPLANT_s101_202_r1,0.00048313,0.00104576,0.00069775,0.00137205,0.00017502,1.000000,1.000000,0.0000,-0.9743,0.9624,NO_DIFFERENCE_DETECTED
128,TRANSPLANT,101-202,trial_d128_TRANSPLANT_s101_202_r2,0.00038178,0.00104576,0.00069775,0.00137205,0.00017502,1.000000,1.000000,0.0000,-0.9743,0.9624,NO_DIFFERENCE_DETECTED
128,TRANSPLANT,101-303,trial_d128_TRANSPLANT_s101_303_r0,0.00133723,0.00104576,0.00069775,0.00137205,0.00017502,1.000000,1.000000,0.0000,-0.9743,0.9624,NO_DIFFERENCE_DETECTED
128,TRANSPLANT,101-303,trial_d128_TRANSPLANT_s101_303_r1,0.00129894,0.00104576,0.00069775,0.00137205,0.00017502,1.000000,1.000000,0.0000,-0.9743,0.9624,NO_DIFFERENCE_DETECTED
128,TRANSPLANT,101-303,trial_d128_TRANSPLANT_s101_303_r2,0.00092992,0.00104576,0.00069775,0.00137205,0.00017502,1.000000,1.000000,0.0000,-0.9743,0.9624,NO_DIFFERENCE_DETECTED
128,TRANSPLANT,202-303,trial_d128_TRANSPLANT_s202_303_r0,0.00161214,0.00104576,0.00069775,0.00137205,0.00017502,1.000000,1.000000,0.0000,-0.9743,0.9624,NO_DIFFERENCE_DETECTED
128,TRANSPLANT,202-303,trial_d128_TRANSPLANT_s202_303_r1,0.00178208,0.00104576,0.00069775,0.00137205,0.00017502,1.000000,1.000000,0.0000,-0.9743,0.9624,NO_DIFFERENCE_DETECTED
128,TRANSPLANT,202-303,trial_d128_TRANSPLANT_s202_303_r2,0.00131171,0.00104576,0.00069775,0.00137205,0.00017502,1.000000,1.000000,0.0000,-0.9743,0.9624,NO_DIFFERENCE_DETECTED
128,TRANSPLANT,CELL_AGGREGATE,aggregate_d128_TRANSPLANT,,0.00104576,0.00069775,0.00137205,0.00017502,1.000000,1.000000,0.0000,-0.9743,0.9624,NO_DIFFERENCE_DETECTED
256,ABLATED,101-202,trial_d256_ABLATED_s101_202_r0,0.00000000,0.00000000,0.00000000,0.00000000,0.00000000,0.000060,0.000135,-2.9634,-5.7263,-2.2320,DIFFERENTIATION_SUPPORTED
256,ABLATED,101-202,trial_d256_ABLATED_s101_202_r1,0.00000000,0.00000000,0.00000000,0.00000000,0.00000000,0.000060,0.000135,-2.9634,-5.7263,-2.2320,DIFFERENTIATION_SUPPORTED
256,ABLATED,101-202,trial_d256_ABLATED_s101_202_r2,0.00000000,0.00000000,0.00000000,0.00000000,0.00000000,0.000060,0.000135,-2.9634,-5.7263,-2.2320,DIFFERENTIATION_SUPPORTED
256,ABLATED,101-303,trial_d256_ABLATED_s101_303_r0,0.00000000,0.00000000,0.00000000,0.00000000,0.00000000,0.000060,0.000135,-2.9634,-5.7263,-2.2320,DIFFERENTIATION_SUPPORTED
256,ABLATED,101-303,trial_d256_ABLATED_s101_303_r1,0.00000000,0.00000000,0.00000000,0.00000000,0.00000000,0.000060,0.000135,-2.9634,-5.7263,-2.2320,DIFFERENTIATION_SUPPORTED
256,ABLATED,101-303,trial_d256_ABLATED_s101_303_r2,0.00000000,0.00000000,0.00000000,0.00000000,0.00000000,0.000060,0.000135,-2.9634,-5.7263,-2.2320,DIFFERENTIATION_SUPPORTED
256,ABLATED,202-303,trial_d256_ABLATED_s202_303_r0,0.00000000,0.00000000,0.00000000,0.00000000,0.00000000,0.000060,0.000135,-2.9634,-5.7263,-2.2320,DIFFERENTIATION_SUPPORTED
256,ABLATED,202-303,trial_d256_ABLATED_s202_303_r1,0.00000000,0.00000000,0.00000000,0.00000000,0.00000000,0.000060,0.000135,-2.9634,-5.7263,-2.2320,DIFFERENTIATION_SUPPORTED
256,ABLATED,202-303,trial_d256_ABLATED_s202_303_r2,0.00000000,0.00000000,0.00000000,0.00000000,0.00000000,0.000060,0.000135,-2.9634,-5.7263,-2.2320,DIFFERENTIATION_SUPPORTED
256,ABLATED,CELL_AGGREGATE,aggregate_d256_ABLATED,,0.00000000,0.00000000,0.00000000,0.00000000,0.000060,0.000135,-2.9634,-5.7263,-2.2320,DIFFERENTIATION_SUPPORTED
256,NEUTRAL_RESET,101-202,trial_d256_NEUTRAL_RESET_s101_202_r0,0.00000000,0.00000000,0.00000000,0.00000000,0.00000000,0.000120,0.000180,-2.9634,-5.8135,-2.2217,DIFFERENTIATION_SUPPORTED
256,NEUTRAL_RESET,101-202,trial_d256_NEUTRAL_RESET_s101_202_r1,0.00000000,0.00000000,0.00000000,0.00000000,0.00000000,0.000120,0.000180,-2.9634,-5.8135,-2.2217,DIFFERENTIATION_SUPPORTED
256,NEUTRAL_RESET,101-202,trial_d256_NEUTRAL_RESET_s101_202_r2,0.00000000,0.00000000,0.00000000,0.00000000,0.00000000,0.000120,0.000180,-2.9634,-5.8135,-2.2217,DIFFERENTIATION_SUPPORTED
256,NEUTRAL_RESET,101-303,trial_d256_NEUTRAL_RESET_s101_303_r0,0.00000000,0.00000000,0.00000000,0.00000000,0.00000000,0.000120,0.000180,-2.9634,-5.8135,-2.2217,DIFFERENTIATION_SUPPORTED
256,NEUTRAL_RESET,101-303,trial_d256_NEUTRAL_RESET_s101_303_r1,0.00000000,0.00000000,0.00000000,0.00000000,0.00000000,0.000120,0.000180,-2.9634,-5.8135,-2.2217,DIFFERENTIATION_SUPPORTED
256,NEUTRAL_RESET,101-303,trial_d256_NEUTRAL_RESET_s101_303_r2,0.00000000,0.00000000,0.00000000,0.00000000,0.00000000,0.000120,0.000180,-2.9634,-5.8135,-2.2217,DIFFERENTIATION_SUPPORTED
256,NEUTRAL_RESET,202-303,trial_d256_NEUTRAL_RESET_s202_303_r0,0.00000000,0.00000000,0.00000000,0.00000000,0.00000000,0.000120,0.000180,-2.9634,-5.8135,-2.2217,DIFFERENTIATION_SUPPORTED
256,NEUTRAL_RESET,202-303,trial_d256_NEUTRAL_RESET_s202_303_r1,0.00000000,0.00000000,0.00000000,0.00000000,0.00000000,0.000120,0.000180,-2.9634,-5.8135,-2.2217,DIFFERENTIATION_SUPPORTED
256,NEUTRAL_RESET,202-303,trial_d256_NEUTRAL_RESET_s202_303_r2,0.00000000,0.00000000,0.00000000,0.00000000,0.00000000,0.000120,0.000180,-2.9634,-5.8135,-2.2217,DIFFERENTIATION_SUPPORTED
256,NEUTRAL_RESET,CELL_AGGREGATE,aggregate_d256_NEUTRAL_RESET,,0.00000000,0.00000000,0.00000000,0.00000000,0.000120,0.000180,-2.9634,-5.8135,-2.2217,DIFFERENTIATION_SUPPORTED
256,TRANSPLANT,101-202,trial_d256_TRANSPLANT_s101_202_r0,0.00023553,0.00052371,0.00037723,0.00066922,0.00007449,1.000000,1.000000,0.0000,-0.9551,0.9557,NO_DIFFERENCE_DETECTED
256,TRANSPLANT,101-202,trial_d256_TRANSPLANT_s101_202_r1,0.00020986,0.00052371,0.00037723,0.00066922,0.00007449,1.000000,1.000000,0.0000,-0.9551,0.9557,NO_DIFFERENCE_DETECTED
256,TRANSPLANT,101-202,trial_d256_TRANSPLANT_s101_202_r2,0.00029897,0.00052371,0.00037723,0.00066922,0.00007449,1.000000,1.000000,0.0000,-0.9551,0.9557,NO_DIFFERENCE_DETECTED
256,TRANSPLANT,101-303,trial_d256_TRANSPLANT_s101_303_r0,0.00058336,0.00052371,0.00037723,0.00066922,0.00007449,1.000000,1.000000,0.0000,-0.9551,0.9557,NO_DIFFERENCE_DETECTED
256,TRANSPLANT,101-303,trial_d256_TRANSPLANT_s101_303_r1,0.00049177,0.00052371,0.00037723,0.00066922,0.00007449,1.000000,1.000000,0.0000,-0.9551,0.9557,NO_DIFFERENCE_DETECTED
256,TRANSPLANT,101-303,trial_d256_TRANSPLANT_s101_303_r2,0.00053722,0.00052371,0.00037723,0.00066922,0.00007449,1.000000,1.000000,0.0000,-0.9551,0.9557,NO_DIFFERENCE_DETECTED
256,TRANSPLANT,202-303,trial_d256_TRANSPLANT_s202_303_r0,0.00081888,0.00052371,0.00037723,0.00066922,0.00007449,1.000000,1.000000,0.0000,-0.9551,0.9557,NO_DIFFERENCE_DETECTED
256,TRANSPLANT,202-303,trial_d256_TRANSPLANT_s202_303_r1,0.00070163,0.00052371,0.00037723,0.00066922,0.00007449,1.000000,1.000000,0.0000,-0.9551,0.9557,NO_DIFFERENCE_DETECTED
256,TRANSPLANT,202-303,trial_d256_TRANSPLANT_s202_303_r2,0.00083618,0.00052371,0.00037723,0.00066922,0.00007449,1.000000,1.000000,0.0000,-0.9551,0.9557,NO_DIFFERENCE_DETECTED
256,TRANSPLANT,CELL_AGGREGATE,aggregate_d256_TRANSPLANT,,0.00052371,0.00037723,0.00066922,0.00007449,1.000000,1.000000,0.0000,-0.9551,0.9557,NO_DIFFERENCE_DETECTED
384,ABLATED,101-202,trial_d384_ABLATED_s101_202_r0,0.00000000,0.00000000,0.00000000,0.00000000,0.00000000,0.000080,0.000144,-3.3953,-6.0448,-2.9404,DIFFERENTIATION_SUPPORTED
384,ABLATED,101-202,trial_d384_ABLATED_s101_202_r1,0.00000000,0.00000000,0.00000000,0.00000000,0.00000000,0.000080,0.000144,-3.3953,-6.0448,-2.9404,DIFFERENTIATION_SUPPORTED
384,ABLATED,101-202,trial_d384_ABLATED_s101_202_r2,0.00000000,0.00000000,0.00000000,0.00000000,0.00000000,0.000080,0.000144,-3.3953,-6.0448,-2.9404,DIFFERENTIATION_SUPPORTED
384,ABLATED,101-303,trial_d384_ABLATED_s101_303_r0,0.00000000,0.00000000,0.00000000,0.00000000,0.00000000,0.000080,0.000144,-3.3953,-6.0448,-2.9404,DIFFERENTIATION_SUPPORTED
384,ABLATED,101-303,trial_d384_ABLATED_s101_303_r1,0.00000000,0.00000000,0.00000000,0.00000000,0.00000000,0.000080,0.000144,-3.3953,-6.0448,-2.9404,DIFFERENTIATION_SUPPORTED
384,ABLATED,101-303,trial_d384_ABLATED_s101_303_r2,0.00000000,0.00000000,0.00000000,0.00000000,0.00000000,0.000080,0.000144,-3.3953,-6.0448,-2.9404,DIFFERENTIATION_SUPPORTED
384,ABLATED,202-303,trial_d384_ABLATED_s202_303_r0,0.00000000,0.00000000,0.00000000,0.00000000,0.00000000,0.000080,0.000144,-3.3953,-6.0448,-2.9404,DIFFERENTIATION_SUPPORTED
384,ABLATED,202-303,trial_d384_ABLATED_s202_303_r1,0.00000000,0.00000000,0.00000000,0.00000000,0.00000000,0.000080,0.000144,-3.3953,-6.0448,-2.9404,DIFFERENTIATION_SUPPORTED
384,ABLATED,202-303,trial_d384_ABLATED_s202_303_r2,0.00000000,0.00000000,0.00000000,0.00000000,0.00000000,0.000080,0.000144,-3.3953,-6.0448,-2.9404,DIFFERENTIATION_SUPPORTED
384,ABLATED,CELL_AGGREGATE,aggregate_d384_ABLATED,,0.00000000,0.00000000,0.00000000,0.00000000,0.000080,0.000144,-3.3953,-6.0448,-2.9404,DIFFERENTIATION_SUPPORTED
384,NEUTRAL_RESET,101-202,trial_d384_NEUTRAL_RESET_s101_202_r0,0.00000000,0.00000000,0.00000000,0.00000000,0.00000000,0.000080,0.000144,-3.3953,-6.2842,-2.9345,DIFFERENTIATION_SUPPORTED
384,NEUTRAL_RESET,101-202,trial_d384_NEUTRAL_RESET_s101_202_r1,0.00000000,0.00000000,0.00000000,0.00000000,0.00000000,0.000080,0.000144,-3.3953,-6.2842,-2.9345,DIFFERENTIATION_SUPPORTED
384,NEUTRAL_RESET,101-202,trial_d384_NEUTRAL_RESET_s101_202_r2,0.00000000,0.00000000,0.00000000,0.00000000,0.00000000,0.000080,0.000144,-3.3953,-6.2842,-2.9345,DIFFERENTIATION_SUPPORTED
384,NEUTRAL_RESET,101-303,trial_d384_NEUTRAL_RESET_s101_303_r0,0.00000000,0.00000000,0.00000000,0.00000000,0.00000000,0.000080,0.000144,-3.3953,-6.2842,-2.9345,DIFFERENTIATION_SUPPORTED
384,NEUTRAL_RESET,101-303,trial_d384_NEUTRAL_RESET_s101_303_r1,0.00000000,0.00000000,0.00000000,0.00000000,0.00000000,0.000080,0.000144,-3.3953,-6.2842,-2.9345,DIFFERENTIATION_SUPPORTED
384,NEUTRAL_RESET,101-303,trial_d384_NEUTRAL_RESET_s101_303_r2,0.00000000,0.00000000,0.00000000,0.00000000,0.00000000,0.000080,0.000144,-3.3953,-6.2842,-2.9345,DIFFERENTIATION_SUPPORTED
384,NEUTRAL_RESET,202-303,trial_d384_NEUTRAL_RESET_s202_303_r0,0.00000000,0.00000000,0.00000000,0.00000000,0.00000000,0.000080,0.000144,-3.3953,-6.2842,-2.9345,DIFFERENTIATION_SUPPORTED
384,NEUTRAL_RESET,202-303,trial_d384_NEUTRAL_RESET_s202_303_r1,0.00000000,0.00000000,0.00000000,0.00000000,0.00000000,0.000080,0.000144,-3.3953,-6.2842,-2.9345,DIFFERENTIATION_SUPPORTED
384,NEUTRAL_RESET,202-303,trial_d384_NEUTRAL_RESET_s202_303_r2,0.00000000,0.00000000,0.00000000,0.00000000,0.00000000,0.000080,0.000144,-3.3953,-6.2842,-2.9345,DIFFERENTIATION_SUPPORTED
384,NEUTRAL_RESET,CELL_AGGREGATE,aggregate_d384_NEUTRAL_RESET,,0.00000000,0.00000000,0.00000000,0.00000000,0.000080,0.000144,-3.3953,-6.2842,-2.9345,DIFFERENTIATION_SUPPORTED
384,TRANSPLANT,101-202,trial_d384_TRANSPLANT_s101_202_r0,0.00048065,0.00059145,0.00045363,0.00073979,0.00007372,1.000000,1.000000,0.0000,-0.9746,0.9604,NO_DIFFERENCE_DETECTED
384,TRANSPLANT,101-202,trial_d384_TRANSPLANT_s101_202_r1,0.00059768,0.00059145,0.00045363,0.00073979,0.00007372,1.000000,1.000000,0.0000,-0.9746,0.9604,NO_DIFFERENCE_DETECTED
384,TRANSPLANT,101-202,trial_d384_TRANSPLANT_s101_202_r2,0.00045719,0.00059145,0.00045363,0.00073979,0.00007372,1.000000,1.000000,0.0000,-0.9746,0.9604,NO_DIFFERENCE_DETECTED
384,TRANSPLANT,101-303,trial_d384_TRANSPLANT_s101_303_r0,0.00040516,0.00059145,0.00045363,0.00073979,0.00007372,1.000000,1.000000,0.0000,-0.9746,0.9604,NO_DIFFERENCE_DETECTED
384,TRANSPLANT,101-303,trial_d384_TRANSPLANT_s101_303_r1,0.00034320,0.00059145,0.00045363,0.00073979,0.00007372,1.000000,1.000000,0.0000,-0.9746,0.9604,NO_DIFFERENCE_DETECTED
384,TRANSPLANT,101-303,trial_d384_TRANSPLANT_s101_303_r2,0.00037766,0.00059145,0.00045363,0.00073979,0.00007372,1.000000,1.000000,0.0000,-0.9746,0.9604,NO_DIFFERENCE_DETECTED
384,TRANSPLANT,202-303,trial_d384_TRANSPLANT_s202_303_r0,0.00088581,0.00059145,0.00045363,0.00073979,0.00007372,1.000000,1.000000,0.0000,-0.9746,0.9604,NO_DIFFERENCE_DETECTED
384,TRANSPLANT,202-303,trial_d384_TRANSPLANT_s202_303_r1,0.00094088,0.00059145,0.00045363,0.00073979,0.00007372,1.000000,1.000000,0.0000,-0.9746,0.9604,NO_DIFFERENCE_DETECTED
384,TRANSPLANT,202-303,trial_d384_TRANSPLANT_s202_303_r2,0.00083485,0.00059145,0.00045363,0.00073979,0.00007372,1.000000,1.000000,0.0000,-0.9746,0.9604,NO_DIFFERENCE_DETECTED
384,TRANSPLANT,CELL_AGGREGATE,aggregate_d384_TRANSPLANT,,0.00059145,0.00045363,0.00073979,0.00007372,1.000000,1.000000,0.0000,-0.9746,0.9604,NO_DIFFERENCE_DETECTED
432,ABLATED,101-202,trial_d432_ABLATED_s101_202_r0,0.00000000,0.00000000,0.00000000,0.00000000,0.00000000,0.000040,0.000135,-3.1398,-5.3758,-2.4942,DIFFERENTIATION_SUPPORTED
432,ABLATED,101-202,trial_d432_ABLATED_s101_202_r1,0.00000000,0.00000000,0.00000000,0.00000000,0.00000000,0.000040,0.000135,-3.1398,-5.3758,-2.4942,DIFFERENTIATION_SUPPORTED
432,ABLATED,101-202,trial_d432_ABLATED_s101_202_r2,0.00000000,0.00000000,0.00000000,0.00000000,0.00000000,0.000040,0.000135,-3.1398,-5.3758,-2.4942,DIFFERENTIATION_SUPPORTED
432,ABLATED,101-303,trial_d432_ABLATED_s101_303_r0,0.00000000,0.00000000,0.00000000,0.00000000,0.00000000,0.000040,0.000135,-3.1398,-5.3758,-2.4942,DIFFERENTIATION_SUPPORTED
432,ABLATED,101-303,trial_d432_ABLATED_s101_303_r1,0.00000000,0.00000000,0.00000000,0.00000000,0.00000000,0.000040,0.000135,-3.1398,-5.3758,-2.4942,DIFFERENTIATION_SUPPORTED
432,ABLATED,101-303,trial_d432_ABLATED_s101_303_r2,0.00000000,0.00000000,0.00000000,0.00000000,0.00000000,0.000040,0.000135,-3.1398,-5.3758,-2.4942,DIFFERENTIATION_SUPPORTED
432,ABLATED,202-303,trial_d432_ABLATED_s202_303_r0,0.00000000,0.00000000,0.00000000,0.00000000,0.00000000,0.000040,0.000135,-3.1398,-5.3758,-2.4942,DIFFERENTIATION_SUPPORTED
432,ABLATED,202-303,trial_d432_ABLATED_s202_303_r1,0.00000000,0.00000000,0.00000000,0.00000000,0.00000000,0.000040,0.000135,-3.1398,-5.3758,-2.4942,DIFFERENTIATION_SUPPORTED
432,ABLATED,202-303,trial_d432_ABLATED_s202_303_r2,0.00000000,0.00000000,0.00000000,0.00000000,0.00000000,0.000040,0.000135,-3.1398,-5.3758,-2.4942,DIFFERENTIATION_SUPPORTED
432,ABLATED,CELL_AGGREGATE,aggregate_d432_ABLATED,,0.00000000,0.00000000,0.00000000,0.00000000,0.000040,0.000135,-3.1398,-5.3758,-2.4942,DIFFERENTIATION_SUPPORTED
432,NEUTRAL_RESET,101-202,trial_d432_NEUTRAL_RESET_s101_202_r0,0.00000000,0.00000000,0.00000000,0.00000000,0.00000000,0.000040,0.000135,-3.1398,-5.4000,-2.4871,DIFFERENTIATION_SUPPORTED
432,NEUTRAL_RESET,101-202,trial_d432_NEUTRAL_RESET_s101_202_r1,0.00000000,0.00000000,0.00000000,0.00000000,0.00000000,0.000040,0.000135,-3.1398,-5.4000,-2.4871,DIFFERENTIATION_SUPPORTED
432,NEUTRAL_RESET,101-202,trial_d432_NEUTRAL_RESET_s101_202_r2,0.00000000,0.00000000,0.00000000,0.00000000,0.00000000,0.000040,0.000135,-3.1398,-5.4000,-2.4871,DIFFERENTIATION_SUPPORTED
432,NEUTRAL_RESET,101-303,trial_d432_NEUTRAL_RESET_s101_303_r0,0.00000000,0.00000000,0.00000000,0.00000000,0.00000000,0.000040,0.000135,-3.1398,-5.4000,-2.4871,DIFFERENTIATION_SUPPORTED
432,NEUTRAL_RESET,101-303,trial_d432_NEUTRAL_RESET_s101_303_r1,0.00000000,0.00000000,0.00000000,0.00000000,0.00000000,0.000040,0.000135,-3.1398,-5.4000,-2.4871,DIFFERENTIATION_SUPPORTED
432,NEUTRAL_RESET,101-303,trial_d432_NEUTRAL_RESET_s101_303_r2,0.00000000,0.00000000,0.00000000,0.00000000,0.00000000,0.000040,0.000135,-3.1398,-5.4000,-2.4871,DIFFERENTIATION_SUPPORTED
432,NEUTRAL_RESET,202-303,trial_d432_NEUTRAL_RESET_s202_303_r0,0.00000000,0.00000000,0.00000000,0.00000000,0.00000000,0.000040,0.000135,-3.1398,-5.4000,-2.4871,DIFFERENTIATION_SUPPORTED
432,NEUTRAL_RESET,202-303,trial_d432_NEUTRAL_RESET_s202_303_r1,0.00000000,0.00000000,0.00000000,0.00000000,0.00000000,0.000040,0.000135,-3.1398,-5.4000,-2.4871,DIFFERENTIATION_SUPPORTED
432,NEUTRAL_RESET,202-303,trial_d432_NEUTRAL_RESET_s202_303_r2,0.00000000,0.00000000,0.00000000,0.00000000,0.00000000,0.000040,0.000135,-3.1398,-5.4000,-2.4871,DIFFERENTIATION_SUPPORTED
432,NEUTRAL_RESET,CELL_AGGREGATE,aggregate_d432_NEUTRAL_RESET,,0.00000000,0.00000000,0.00000000,0.00000000,0.000040,0.000135,-3.1398,-5.4000,-2.4871,DIFFERENTIATION_SUPPORTED
432,TRANSPLANT,101-202,trial_d432_TRANSPLANT_s101_202_r0,0.00058140,0.00059734,0.00044388,0.00075999,0.00008044,1.000000,1.000000,0.0000,-0.9488,0.9900,NO_DIFFERENCE_DETECTED
432,TRANSPLANT,101-202,trial_d432_TRANSPLANT_s101_202_r1,0.00051978,0.00059734,0.00044388,0.00075999,0.00008044,1.000000,1.000000,0.0000,-0.9488,0.9900,NO_DIFFERENCE_DETECTED
432,TRANSPLANT,101-202,trial_d432_TRANSPLANT_s101_202_r2,0.00064527,0.00059734,0.00044388,0.00075999,0.00008044,1.000000,1.000000,0.0000,-0.9488,0.9900,NO_DIFFERENCE_DETECTED
432,TRANSPLANT,101-303,trial_d432_TRANSPLANT_s101_303_r0,0.00029376,0.00059734,0.00044388,0.00075999,0.00008044,1.000000,1.000000,0.0000,-0.9488,0.9900,NO_DIFFERENCE_DETECTED
432,TRANSPLANT,101-303,trial_d432_TRANSPLANT_s101_303_r1,0.00032886,0.00059734,0.00044388,0.00075999,0.00008044,1.000000,1.000000,0.0000,-0.9488,0.9900,NO_DIFFERENCE_DETECTED
432,TRANSPLANT,101-303,trial_d432_TRANSPLANT_s101_303_r2,0.00031895,0.00059734,0.00044388,0.00075999,0.00008044,1.000000,1.000000,0.0000,-0.9488,0.9900,NO_DIFFERENCE_DETECTED
432,TRANSPLANT,202-303,trial_d432_TRANSPLANT_s202_303_r0,0.00087516,0.00059734,0.00044388,0.00075999,0.00008044,1.000000,1.000000,0.0000,-0.9488,0.9900,NO_DIFFERENCE_DETECTED
432,TRANSPLANT,202-303,trial_d432_TRANSPLANT_s202_303_r1,0.00084864,0.00059734,0.00044388,0.00075999,0.00008044,1.000000,1.000000,0.0000,-0.9488,0.9900,NO_DIFFERENCE_DETECTED
432,TRANSPLANT,202-303,trial_d432_TRANSPLANT_s202_303_r2,0.00096422,0.00059734,0.00044388,0.00075999,0.00008044,1.000000,1.000000,0.0000,-0.9488,0.9900,NO_DIFFERENCE_DETECTED
432,TRANSPLANT,CELL_AGGREGATE,aggregate_d432_TRANSPLANT,,0.00059734,0.00044388,0.00075999,0.00008044,1.000000,1.000000,0.0000,-0.9488,0.9900,NO_DIFFERENCE_DETECTED
480,ABLATED,101-202,trial_d480_ABLATED_s101_202_r0,0.00000000,0.00000000,0.00000000,0.00000000,0.00000000,0.000060,0.000135,-3.2551,-5.4191,-2.7204,DIFFERENTIATION_SUPPORTED
480,ABLATED,101-202,trial_d480_ABLATED_s101_202_r1,0.00000000,0.00000000,0.00000000,0.00000000,0.00000000,0.000060,0.000135,-3.2551,-5.4191,-2.7204,DIFFERENTIATION_SUPPORTED
480,ABLATED,101-202,trial_d480_ABLATED_s101_202_r2,0.00000000,0.00000000,0.00000000,0.00000000,0.00000000,0.000060,0.000135,-3.2551,-5.4191,-2.7204,DIFFERENTIATION_SUPPORTED
480,ABLATED,101-303,trial_d480_ABLATED_s101_303_r0,0.00000000,0.00000000,0.00000000,0.00000000,0.00000000,0.000060,0.000135,-3.2551,-5.4191,-2.7204,DIFFERENTIATION_SUPPORTED
480,ABLATED,101-303,trial_d480_ABLATED_s101_303_r1,0.00000000,0.00000000,0.00000000,0.00000000,0.00000000,0.000060,0.000135,-3.2551,-5.4191,-2.7204,DIFFERENTIATION_SUPPORTED
480,ABLATED,101-303,trial_d480_ABLATED_s101_303_r2,0.00000000,0.00000000,0.00000000,0.00000000,0.00000000,0.000060,0.000135,-3.2551,-5.4191,-2.7204,DIFFERENTIATION_SUPPORTED
480,ABLATED,202-303,trial_d480_ABLATED_s202_303_r0,0.00000000,0.00000000,0.00000000,0.00000000,0.00000000,0.000060,0.000135,-3.2551,-5.4191,-2.7204,DIFFERENTIATION_SUPPORTED
480,ABLATED,202-303,trial_d480_ABLATED_s202_303_r1,0.00000000,0.00000000,0.00000000,0.00000000,0.00000000,0.000060,0.000135,-3.2551,-5.4191,-2.7204,DIFFERENTIATION_SUPPORTED
480,ABLATED,202-303,trial_d480_ABLATED_s202_303_r2,0.00000000,0.00000000,0.00000000,0.00000000,0.00000000,0.000060,0.000135,-3.2551,-5.4191,-2.7204,DIFFERENTIATION_SUPPORTED
480,ABLATED,CELL_AGGREGATE,aggregate_d480_ABLATED,,0.00000000,0.00000000,0.00000000,0.00000000,0.000060,0.000135,-3.2551,-5.4191,-2.7204,DIFFERENTIATION_SUPPORTED
480,NEUTRAL_RESET,101-202,trial_d480_NEUTRAL_RESET_s101_202_r0,0.00000000,0.00000000,0.00000000,0.00000000,0.00000000,0.000040,0.000135,-3.2551,-5.3799,-2.7233,DIFFERENTIATION_SUPPORTED
480,NEUTRAL_RESET,101-202,trial_d480_NEUTRAL_RESET_s101_202_r1,0.00000000,0.00000000,0.00000000,0.00000000,0.00000000,0.000040,0.000135,-3.2551,-5.3799,-2.7233,DIFFERENTIATION_SUPPORTED
480,NEUTRAL_RESET,101-202,trial_d480_NEUTRAL_RESET_s101_202_r2,0.00000000,0.00000000,0.00000000,0.00000000,0.00000000,0.000040,0.000135,-3.2551,-5.3799,-2.7233,DIFFERENTIATION_SUPPORTED
480,NEUTRAL_RESET,101-303,trial_d480_NEUTRAL_RESET_s101_303_r0,0.00000000,0.00000000,0.00000000,0.00000000,0.00000000,0.000040,0.000135,-3.2551,-5.3799,-2.7233,DIFFERENTIATION_SUPPORTED
480,NEUTRAL_RESET,101-303,trial_d480_NEUTRAL_RESET_s101_303_r1,0.00000000,0.00000000,0.00000000,0.00000000,0.00000000,0.000040,0.000135,-3.2551,-5.3799,-2.7233,DIFFERENTIATION_SUPPORTED
480,NEUTRAL_RESET,101-303,trial_d480_NEUTRAL_RESET_s101_303_r2,0.00000000,0.00000000,0.00000000,0.00000000,0.00000000,0.000040,0.000135,-3.2551,-5.3799,-2.7233,DIFFERENTIATION_SUPPORTED
480,NEUTRAL_RESET,202-303,trial_d480_NEUTRAL_RESET_s202_303_r0,0.00000000,0.00000000,0.00000000,0.00000000,0.00000000,0.000040,0.000135,-3.2551,-5.3799,-2.7233,DIFFERENTIATION_SUPPORTED
480,NEUTRAL_RESET,202-303,trial_d480_NEUTRAL_RESET_s202_303_r1,0.00000000,0.00000000,0.00000000,0.00000000,0.00000000,0.000040,0.000135,-3.2551,-5.3799,-2.7233,DIFFERENTIATION_SUPPORTED
480,NEUTRAL_RESET,202-303,trial_d480_NEUTRAL_RESET_s202_303_r2,0.00000000,0.00000000,0.00000000,0.00000000,0.00000000,0.000040,0.000135,-3.2551,-5.3799,-2.7233,DIFFERENTIATION_SUPPORTED
480,NEUTRAL_RESET,CELL_AGGREGATE,aggregate_d480_NEUTRAL_RESET,,0.00000000,0.00000000,0.00000000,0.00000000,0.000040,0.000135,-3.2551,-5.3799,-2.7233,DIFFERENTIATION_SUPPORTED
480,TRANSPLANT,101-202,trial_d480_TRANSPLANT_s101_202_r0,0.00057857,0.00052780,0.00039915,0.00066742,0.00006925,1.000000,1.000000,0.0000,-0.9817,0.9471,NO_DIFFERENCE_DETECTED
480,TRANSPLANT,101-202,trial_d480_TRANSPLANT_s101_202_r1,0.00039002,0.00052780,0.00039915,0.00066742,0.00006925,1.000000,1.000000,0.0000,-0.9817,0.9471,NO_DIFFERENCE_DETECTED
480,TRANSPLANT,101-202,trial_d480_TRANSPLANT_s101_202_r2,0.00045561,0.00052780,0.00039915,0.00066742,0.00006925,1.000000,1.000000,0.0000,-0.9817,0.9471,NO_DIFFERENCE_DETECTED
480,TRANSPLANT,101-303,trial_d480_TRANSPLANT_s101_303_r0,0.00028797,0.00052780,0.00039915,0.00066742,0.00006925,1.000000,1.000000,0.0000,-0.9817,0.9471,NO_DIFFERENCE_DETECTED
480,TRANSPLANT,101-303,trial_d480_TRANSPLANT_s101_303_r1,0.00032691,0.00052780,0.00039915,0.00066742,0.00006925,1.000000,1.000000,0.0000,-0.9817,0.9471,NO_DIFFERENCE_DETECTED
480,TRANSPLANT,101-303,trial_d480_TRANSPLANT_s101_303_r2,0.00033603,0.00052780,0.00039915,0.00066742,0.00006925,1.000000,1.000000,0.0000,-0.9817,0.9471,NO_DIFFERENCE_DETECTED
480,TRANSPLANT,202-303,trial_d480_TRANSPLANT_s202_303_r0,0.00086653,0.00052780,0.00039915,0.00066742,0.00006925,1.000000,1.000000,0.0000,-0.9817,0.9471,NO_DIFFERENCE_DETECTED
480,TRANSPLANT,202-303,trial_d480_TRANSPLANT_s202_303_r1,0.00071693,0.00052780,0.00039915,0.00066742,0.00006925,1.000000,1.000000,0.0000,-0.9817,0.9471,NO_DIFFERENCE_DETECTED
480,TRANSPLANT,202-303,trial_d480_TRANSPLANT_s202_303_r2,0.00079164,0.00052780,0.00039915,0.00066742,0.00006925,1.000000,1.000000,0.0000,-0.9817,0.9471,NO_DIFFERENCE_DETECTED
480,TRANSPLANT,CELL_AGGREGATE,aggregate_d480_TRANSPLANT,,0.00052780,0.00039915,0.00066742,0.00006925,1.000000,1.000000,0.0000,-0.9817,0.9471,NO_DIFFERENCE_DETECTED
512,ABLATED,101-202,trial_d512_ABLATED_s101_202_r0,0.00000000,0.00000000,0.00000000,0.00000000,0.00000000,0.000060,0.000135,-2.9162,-4.6839,-2.4030,DIFFERENTIATION_SUPPORTED
512,ABLATED,101-202,trial_d512_ABLATED_s101_202_r1,0.00000000,0.00000000,0.00000000,0.00000000,0.00000000,0.000060,0.000135,-2.9162,-4.6839,-2.4030,DIFFERENTIATION_SUPPORTED
512,ABLATED,101-202,trial_d512_ABLATED_s101_202_r2,0.00000000,0.00000000,0.00000000,0.00000000,0.00000000,0.000060,0.000135,-2.9162,-4.6839,-2.4030,DIFFERENTIATION_SUPPORTED
512,ABLATED,101-303,trial_d512_ABLATED_s101_303_r0,0.00000000,0.00000000,0.00000000,0.00000000,0.00000000,0.000060,0.000135,-2.9162,-4.6839,-2.4030,DIFFERENTIATION_SUPPORTED
512,ABLATED,101-303,trial_d512_ABLATED_s101_303_r1,0.00000000,0.00000000,0.00000000,0.00000000,0.00000000,0.000060,0.000135,-2.9162,-4.6839,-2.4030,DIFFERENTIATION_SUPPORTED
512,ABLATED,101-303,trial_d512_ABLATED_s101_303_r2,0.00000000,0.00000000,0.00000000,0.00000000,0.00000000,0.000060,0.000135,-2.9162,-4.6839,-2.4030,DIFFERENTIATION_SUPPORTED
512,ABLATED,202-303,trial_d512_ABLATED_s202_303_r0,0.00000000,0.00000000,0.00000000,0.00000000,0.00000000,0.000060,0.000135,-2.9162,-4.6839,-2.4030,DIFFERENTIATION_SUPPORTED
512,ABLATED,202-303,trial_d512_ABLATED_s202_303_r1,0.00000000,0.00000000,0.00000000,0.00000000,0.00000000,0.000060,0.000135,-2.9162,-4.6839,-2.4030,DIFFERENTIATION_SUPPORTED
512,ABLATED,202-303,trial_d512_ABLATED_s202_303_r2,0.00000000,0.00000000,0.00000000,0.00000000,0.00000000,0.000060,0.000135,-2.9162,-4.6839,-2.4030,DIFFERENTIATION_SUPPORTED
512,ABLATED,CELL_AGGREGATE,aggregate_d512_ABLATED,,0.00000000,0.00000000,0.00000000,0.00000000,0.000060,0.000135,-2.9162,-4.6839,-2.4030,DIFFERENTIATION_SUPPORTED
512,NEUTRAL_RESET,101-202,trial_d512_NEUTRAL_RESET_s101_202_r0,0.00000000,0.00000000,0.00000000,0.00000000,0.00000000,0.000020,0.000135,-2.9162,-4.7378,-2.3997,DIFFERENTIATION_SUPPORTED
512,NEUTRAL_RESET,101-202,trial_d512_NEUTRAL_RESET_s101_202_r1,0.00000000,0.00000000,0.00000000,0.00000000,0.00000000,0.000020,0.000135,-2.9162,-4.7378,-2.3997,DIFFERENTIATION_SUPPORTED
512,NEUTRAL_RESET,101-202,trial_d512_NEUTRAL_RESET_s101_202_r2,0.00000000,0.00000000,0.00000000,0.00000000,0.00000000,0.000020,0.000135,-2.9162,-4.7378,-2.3997,DIFFERENTIATION_SUPPORTED
512,NEUTRAL_RESET,101-303,trial_d512_NEUTRAL_RESET_s101_303_r0,0.00000000,0.00000000,0.00000000,0.00000000,0.00000000,0.000020,0.000135,-2.9162,-4.7378,-2.3997,DIFFERENTIATION_SUPPORTED
512,NEUTRAL_RESET,101-303,trial_d512_NEUTRAL_RESET_s101_303_r1,0.00000000,0.00000000,0.00000000,0.00000000,0.00000000,0.000020,0.000135,-2.9162,-4.7378,-2.3997,DIFFERENTIATION_SUPPORTED
512,NEUTRAL_RESET,101-303,trial_d512_NEUTRAL_RESET_s101_303_r2,0.00000000,0.00000000,0.00000000,0.00000000,0.00000000,0.000020,0.000135,-2.9162,-4.7378,-2.3997,DIFFERENTIATION_SUPPORTED
512,NEUTRAL_RESET,202-303,trial_d512_NEUTRAL_RESET_s202_303_r0,0.00000000,0.00000000,0.00000000,0.00000000,0.00000000,0.000020,0.000135,-2.9162,-4.7378,-2.3997,DIFFERENTIATION_SUPPORTED
512,NEUTRAL_RESET,202-303,trial_d512_NEUTRAL_RESET_s202_303_r1,0.00000000,0.00000000,0.00000000,0.00000000,0.00000000,0.000020,0.000135,-2.9162,-4.7378,-2.3997,DIFFERENTIATION_SUPPORTED
512,NEUTRAL_RESET,202-303,trial_d512_NEUTRAL_RESET_s202_303_r2,0.00000000,0.00000000,0.00000000,0.00000000,0.00000000,0.000020,0.000135,-2.9162,-4.7378,-2.3997,DIFFERENTIATION_SUPPORTED
512,NEUTRAL_RESET,CELL_AGGREGATE,aggregate_d512_NEUTRAL_RESET,,0.00000000,0.00000000,0.00000000,0.00000000,0.000020,0.000135,-2.9162,-4.7378,-2.3997,DIFFERENTIATION_SUPPORTED
512,TRANSPLANT,101-202,trial_d512_TRANSPLANT_s101_202_r0,0.00034722,0.00060120,0.00043831,0.00078015,0.00008759,1.000000,1.000000,0.0000,-1.0105,0.9712,NO_DIFFERENCE_DETECTED
512,TRANSPLANT,101-202,trial_d512_TRANSPLANT_s101_202_r1,0.00072765,0.00060120,0.00043831,0.00078015,0.00008759,1.000000,1.000000,0.0000,-1.0105,0.9712,NO_DIFFERENCE_DETECTED
512,TRANSPLANT,101-202,trial_d512_TRANSPLANT_s101_202_r2,0.00059639,0.00060120,0.00043831,0.00078015,0.00008759,1.000000,1.000000,0.0000,-1.0105,0.9712,NO_DIFFERENCE_DETECTED
512,TRANSPLANT,101-303,trial_d512_TRANSPLANT_s101_303_r0,0.00035811,0.00060120,0.00043831,0.00078015,0.00008759,1.000000,1.000000,0.0000,-1.0105,0.9712,NO_DIFFERENCE_DETECTED
512,TRANSPLANT,101-303,trial_d512_TRANSPLANT_s101_303_r1,0.00034187,0.00060120,0.00043831,0.00078015,0.00008759,1.000000,1.000000,0.0000,-1.0105,0.9712,NO_DIFFERENCE_DETECTED
512,TRANSPLANT,101-303,trial_d512_TRANSPLANT_s101_303_r2,0.00033418,0.00060120,0.00043831,0.00078015,0.00008759,1.000000,1.000000,0.0000,-1.0105,0.9712,NO_DIFFERENCE_DETECTED
512,TRANSPLANT,202-303,trial_d512_TRANSPLANT_s202_303_r0,0.00070533,0.00060120,0.00043831,0.00078015,0.00008759,1.000000,1.000000,0.0000,-1.0105,0.9712,NO_DIFFERENCE_DETECTED
512,TRANSPLANT,202-303,trial_d512_TRANSPLANT_s202_303_r1,0.00106952,0.00060120,0.00043831,0.00078015,0.00008759,1.000000,1.000000,0.0000,-1.0105,0.9712,NO_DIFFERENCE_DETECTED
512,TRANSPLANT,202-303,trial_d512_TRANSPLANT_s202_303_r2,0.00093057,0.00060120,0.00043831,0.00078015,0.00008759,1.000000,1.000000,0.0000,-1.0105,0.9712,NO_DIFFERENCE_DETECTED
512,TRANSPLANT,CELL_AGGREGATE,aggregate_d512_TRANSPLANT,,0.00060120,0.00043831,0.00078015,0.00008759,1.000000,1.000000,0.0000,-1.0105,0.9712,NO_DIFFERENCE_DETECTED