depth,seed_id,comparison_type,history_a,replicate_a,history_b,replicate_b,distance
128,seed_101,WITHIN_HISTORY,H_ALPHA,0,H_ALPHA,1,0.076182
128,seed_101,WITHIN_HISTORY,H_ALPHA,0,H_ALPHA,2,0.057958
128,seed_101,BETWEEN_HISTORY,H_ALPHA,0,H_BETA,0,0.069571
128,seed_101,BETWEEN_HISTORY,H_ALPHA,0,H_BETA,1,0.076219
128,seed_101,BETWEEN_HISTORY,H_ALPHA,0,H_BETA,2,0.072465
128,seed_101,BETWEEN_HISTORY,H_ALPHA,0,H_GAMMA,0,0.107017
128,seed_101,BETWEEN_HISTORY,H_ALPHA,0,H_GAMMA,1,0.105004
128,seed_101,BETWEEN_HISTORY,H_ALPHA,0,H_GAMMA,2,0.137081
128,seed_101,WITHIN_HISTORY,H_ALPHA,1,H_ALPHA,2,0.054021
128,seed_101,BETWEEN_HISTORY,H_ALPHA,1,H_BETA,0,0.10361
128,seed_101,BETWEEN_HISTORY,H_ALPHA,1,H_BETA,1,0.075637
128,seed_101,BETWEEN_HISTORY,H_ALPHA,1,H_BETA,2,0.072642
128,seed_101,BETWEEN_HISTORY,H_ALPHA,1,H_GAMMA,0,0.081298
128,seed_101,BETWEEN_HISTORY,H_ALPHA,1,H_GAMMA,1,0.112468
128,seed_101,BETWEEN_HISTORY,H_ALPHA,1,H_GAMMA,2,0.122903
128,seed_101,BETWEEN_HISTORY,H_ALPHA,2,H_BETA,0,0.050468
128,seed_101,BETWEEN_HISTORY,H_ALPHA,2,H_BETA,1,0.024802
128,seed_101,BETWEEN_HISTORY,H_ALPHA,2,H_BETA,2,0.020989
128,seed_101,BETWEEN_HISTORY,H_ALPHA,2,H_GAMMA,0,0.049398
128,seed_101,BETWEEN_HISTORY,H_ALPHA,2,H_GAMMA,1,0.061863
128,seed_101,BETWEEN_HISTORY,H_ALPHA,2,H_GAMMA,2,0.083865
128,seed_101,WITHIN_HISTORY,H_BETA,0,H_BETA,1,0.039489
128,seed_101,WITHIN_HISTORY,H_BETA,0,H_BETA,2,0.039329
128,seed_101,BETWEEN_HISTORY,H_BETA,0,H_GAMMA,0,0.071473
128,seed_101,BETWEEN_HISTORY,H_BETA,0,H_GAMMA,1,0.042419
128,seed_101,BETWEEN_HISTORY,H_BETA,0,H_GAMMA,2,0.082022
128,seed_101,WITHIN_HISTORY,H_BETA,1,H_BETA,2,0.004
128,seed_101,BETWEEN_HISTORY,H_BETA,1,H_GAMMA,0,0.034807
128,seed_101,BETWEEN_HISTORY,H_BETA,1,H_GAMMA,1,0.037396
128,seed_101,BETWEEN_HISTORY,H_BETA,1,H_GAMMA,2,0.061169
128,seed_101,BETWEEN_HISTORY,H_BETA,2,H_GAMMA,0,0.037349
128,seed_101,BETWEEN_HISTORY,H_BETA,2,H_GAMMA,1,0.040962
128,seed_101,BETWEEN_HISTORY,H_BETA,2,H_GAMMA,2,0.065088
128,seed_101,WITHIN_HISTORY,H_GAMMA,0,H_GAMMA,1,0.047103
128,seed_101,WITHIN_HISTORY,H_GAMMA,0,H_GAMMA,2,0.041763
128,seed_101,WITHIN_HISTORY,H_GAMMA,1,H_GAMMA,2,0.040616
128,seed_202,WITHIN_HISTORY,H_ALPHA,0,H_ALPHA,1,0.043216
128,seed_202,WITHIN_HISTORY,H_ALPHA,0,H_ALPHA,2,0.062048
128,seed_202,BETWEEN_HISTORY,H_ALPHA,0,H_BETA,0,0.084072
128,seed_202,BETWEEN_HISTORY,H_ALPHA,0,H_BETA,1,0.091644
128,seed_202,BETWEEN_HISTORY,H_ALPHA,0,H_BETA,2,0.105826
128,seed_202,BETWEEN_HISTORY,H_ALPHA,0,H_GAMMA,0,0.154849
128,seed_202,BETWEEN_HISTORY,H_ALPHA,0,H_GAMMA,1,0.091673
128,seed_202,BETWEEN_HISTORY,H_ALPHA,0,H_GAMMA,2,0.11912
128,seed_202,WITHIN_HISTORY,H_ALPHA,1,H_ALPHA,2,0.024577
128,seed_202,BETWEEN_HISTORY,H_ALPHA,1,H_BETA,0,0.078751
128,seed_202,BETWEEN_HISTORY,H_ALPHA,1,H_BETA,1,0.084657
128,seed_202,BETWEEN_HISTORY,H_ALPHA,1,H_BETA,2,0.088824
128,seed_202,BETWEEN_HISTORY,H_ALPHA,1,H_GAMMA,0,0.145872
128,seed_202,BETWEEN_HISTORY,H_ALPHA,1,H_GAMMA,1,0.092273
128,seed_202,BETWEEN_HISTORY,H_ALPHA,1,H_GAMMA,2,0.126225
128,seed_202,BETWEEN_HISTORY,H_ALPHA,2,H_BETA,0,0.065297
128,seed_202,BETWEEN_HISTORY,H_ALPHA,2,H_BETA,1,0.069664
128,seed_202,BETWEEN_HISTORY,H_ALPHA,2,H_BETA,2,0.068557
128,seed_202,BETWEEN_HISTORY,H_ALPHA,2,H_GAMMA,0,0.127032
128,seed_202,BETWEEN_HISTORY,H_ALPHA,2,H_GAMMA,1,0.080671
128,seed_202,BETWEEN_HISTORY,H_ALPHA,2,H_GAMMA,2,0.115846
128,seed_202,WITHIN_HISTORY,H_BETA,0,H_BETA,1,0.007708
128,seed_202,WITHIN_HISTORY,H_BETA,0,H_BETA,2,0.029796
128,seed_202,BETWEEN_HISTORY,H_BETA,0,H_GAMMA,0,0.070904
128,seed_202,BETWEEN_HISTORY,H_BETA,0,H_GAMMA,1,0.01613
128,seed_202,BETWEEN_HISTORY,H_BETA,0,H_GAMMA,2,0.051114
128,seed_202,WITHIN_HISTORY,H_BETA,1,H_BETA,2,0.024237
128,seed_202,BETWEEN_HISTORY,H_BETA,1,H_GAMMA,0,0.063525
128,seed_202,BETWEEN_HISTORY,H_BETA,1,H_GAMMA,1,0.016351
128,seed_202,BETWEEN_HISTORY,H_BETA,1,H_GAMMA,2,0.048967
128,seed_202,BETWEEN_HISTORY,H_BETA,2,H_GAMMA,0,0.058754
128,seed_202,BETWEEN_HISTORY,H_BETA,2,H_GAMMA,1,0.039676
128,seed_202,BETWEEN_HISTORY,H_BETA,2,H_GAMMA,2,0.066677
128,seed_202,WITHIN_HISTORY,H_GAMMA,0,H_GAMMA,1,0.064914
128,seed_202,WITHIN_HISTORY,H_GAMMA,0,H_GAMMA,2,0.057932
128,seed_202,WITHIN_HISTORY,H_GAMMA,1,H_GAMMA,2,0.035228
128,seed_303,WITHIN_HISTORY,H_ALPHA,0,H_ALPHA,1,0.081135
128,seed_303,WITHIN_HISTORY,H_ALPHA,0,H_ALPHA,2,0.067087
128,seed_303,BETWEEN_HISTORY,H_ALPHA,0,H_BETA,0,0.010971
128,seed_303,BETWEEN_HISTORY,H_ALPHA,0,H_BETA,1,0.057892
128,seed_303,BETWEEN_HISTORY,H_ALPHA,0,H_BETA,2,0.047271
128,seed_303,BETWEEN_HISTORY,H_ALPHA,0,H_GAMMA,0,0.067664
128,seed_303,BETWEEN_HISTORY,H_ALPHA,0,H_GAMMA,1,0.091571
128,seed_303,BETWEEN_HISTORY,H_ALPHA,0,H_GAMMA,2,0.079733
128,seed_303,WITHIN_HISTORY,H_ALPHA,1,H_ALPHA,2,0.097777
128,seed_303,BETWEEN_HISTORY,H_ALPHA,1,H_BETA,0,0.09163
128,seed_303,BETWEEN_HISTORY,H_ALPHA,1,H_BETA,1,0.039039
128,seed_303,BETWEEN_HISTORY,H_ALPHA,1,H_BETA,2,0.110801
128,seed_303,BETWEEN_HISTORY,H_ALPHA,1,H_GAMMA,0,0.140605
128,seed_303,BETWEEN_HISTORY,H_ALPHA,1,H_GAMMA,1,0.169285
128,seed_303,BETWEEN_HISTORY,H_ALPHA,1,H_GAMMA,2,0.160392
128,seed_303,BETWEEN_HISTORY,H_ALPHA,2,H_BETA,0,0.072593
128,seed_303,BETWEEN_HISTORY,H_ALPHA,2,H_BETA,1,0.058758
128,seed_303,BETWEEN_HISTORY,H_ALPHA,2,H_BETA,2,0.039147
128,seed_303,BETWEEN_HISTORY,H_ALPHA,2,H_GAMMA,0,0.067102
128,seed_303,BETWEEN_HISTORY,H_ALPHA,2,H_GAMMA,1,0.138653
128,seed_303,BETWEEN_HISTORY,H_ALPHA,2,H_GAMMA,2,0.118242
128,seed_303,WITHIN_HISTORY,H_BETA,0,H_BETA,1,0.068764
128,seed_303,WITHIN_HISTORY,H_BETA,0,H_BETA,2,0.046879
128,seed_303,BETWEEN_HISTORY,H_BETA,0,H_GAMMA,0,0.062276
128,seed_303,BETWEEN_HISTORY,H_BETA,0,H_GAMMA,1,0.080645
128,seed_303,BETWEEN_HISTORY,H_BETA,0,H_GAMMA,2,0.068927
128,seed_303,WITHIN_HISTORY,H_BETA,1,H_BETA,2,0.074972
128,seed_303,BETWEEN_HISTORY,H_BETA,1,H_GAMMA,0,0.106137
128,seed_303,BETWEEN_HISTORY,H_BETA,1,H_GAMMA,1,0.149395
128,seed_303,BETWEEN_HISTORY,H_BETA,1,H_GAMMA,2,0.136047
128,seed_303,BETWEEN_HISTORY,H_BETA,2,H_GAMMA,0,0.031742
128,seed_303,BETWEEN_HISTORY,H_BETA,2,H_GAMMA,1,0.100216
128,seed_303,BETWEEN_HISTORY,H_BETA,2,H_GAMMA,2,0.079208
128,seed_303,WITHIN_HISTORY,H_GAMMA,0,H_GAMMA,1,0.083819
128,seed_303,WITHIN_HISTORY,H_GAMMA,0,H_GAMMA,2,0.060118
128,seed_303,WITHIN_HISTORY,H_GAMMA,1,H_GAMMA,2,0.024086
128,seed_404,WITHIN_HISTORY,H_ALPHA,0,H_ALPHA,1,0.071902
128,seed_404,WITHIN_HISTORY,H_ALPHA,0,H_ALPHA,2,0.108115
128,seed_404,BETWEEN_HISTORY,H_ALPHA,0,H_BETA,0,0.113609
128,seed_404,BETWEEN_HISTORY,H_ALPHA,0,H_BETA,1,0.128654
128,seed_404,BETWEEN_HISTORY,H_ALPHA,0,H_BETA,2,0.117029
128,seed_404,BETWEEN_HISTORY,H_ALPHA,0,H_GAMMA,0,0.105214
128,seed_404,BETWEEN_HISTORY,H_ALPHA,0,H_GAMMA,1,0.145941
128,seed_404,BETWEEN_HISTORY,H_ALPHA,0,H_GAMMA,2,0.130618
128,seed_404,WITHIN_HISTORY,H_ALPHA,1,H_ALPHA,2,0.065839
128,seed_404,BETWEEN_HISTORY,H_ALPHA,1,H_BETA,0,0.091415
128,seed_404,BETWEEN_HISTORY,H_ALPHA,1,H_BETA,1,0.07134
128,seed_404,BETWEEN_HISTORY,H_ALPHA,1,H_BETA,2,0.072956
128,seed_404,BETWEEN_HISTORY,H_ALPHA,1,H_GAMMA,0,0.083489
128,seed_404,BETWEEN_HISTORY,H_ALPHA,1,H_GAMMA,1,0.100187
128,seed_404,BETWEEN_HISTORY,H_ALPHA,1,H_GAMMA,2,0.106996
128,seed_404,BETWEEN_HISTORY,H_ALPHA,2,H_BETA,0,0.033536
128,seed_404,BETWEEN_HISTORY,H_ALPHA,2,H_BETA,1,0.029623
128,seed_404,BETWEEN_HISTORY,H_ALPHA,2,H_BETA,2,0.008915
128,seed_404,BETWEEN_HISTORY,H_ALPHA,2,H_GAMMA,0,0.029641
128,seed_404,BETWEEN_HISTORY,H_ALPHA,2,H_GAMMA,1,0.03811
128,seed_404,BETWEEN_HISTORY,H_ALPHA,2,H_GAMMA,2,0.044589
128,seed_404,WITHIN_HISTORY,H_BETA,0,H_BETA,1,0.059523
128,seed_404,WITHIN_HISTORY,H_BETA,0,H_BETA,2,0.034449
128,seed_404,BETWEEN_HISTORY,H_BETA,0,H_GAMMA,0,0.008737
128,seed_404,BETWEEN_HISTORY,H_BETA,0,H_GAMMA,1,0.046735
128,seed_404,BETWEEN_HISTORY,H_BETA,0,H_GAMMA,2,0.017294
128,seed_404,WITHIN_HISTORY,H_BETA,1,H_BETA,2,0.025211
128,seed_404,BETWEEN_HISTORY,H_BETA,1,H_GAMMA,0,0.057869
128,seed_404,BETWEEN_HISTORY,H_BETA,1,H_GAMMA,1,0.03451
128,seed_404,BETWEEN_HISTORY,H_BETA,1,H_GAMMA,2,0.065025
128,seed_404,BETWEEN_HISTORY,H_BETA,2,H_GAMMA,0,0.032758
128,seed_404,BETWEEN_HISTORY,H_BETA,2,H_GAMMA,1,0.029286
128,seed_404,BETWEEN_HISTORY,H_BETA,2,H_GAMMA,2,0.04215
128,seed_404,WITHIN_HISTORY,H_GAMMA,0,H_GAMMA,1,0.050435
128,seed_404,WITHIN_HISTORY,H_GAMMA,0,H_GAMMA,2,0.026014
128,seed_404,WITHIN_HISTORY,H_GAMMA,1,H_GAMMA,2,0.042562
128,seed_505,WITHIN_HISTORY,H_ALPHA,0,H_ALPHA,1,0.08421
128,seed_505,WITHIN_HISTORY,H_ALPHA,0,H_ALPHA,2,0.010576
128,seed_505,BETWEEN_HISTORY,H_ALPHA,0,H_BETA,0,0.069023
128,seed_505,BETWEEN_HISTORY,H_ALPHA,0,H_BETA,1,0.076226
128,seed_505,BETWEEN_HISTORY,H_ALPHA,0,H_BETA,2,0.086144
128,seed_505,BETWEEN_HISTORY,H_ALPHA,0,H_GAMMA,0,0.122326
128,seed_505,BETWEEN_HISTORY,H_ALPHA,0,H_GAMMA,1,0.116993
128,seed_505,BETWEEN_HISTORY,H_ALPHA,0,H_GAMMA,2,0.055568
128,seed_505,WITHIN_HISTORY,H_ALPHA,1,H_ALPHA,2,0.07375
128,seed_505,BETWEEN_HISTORY,H_ALPHA,1,H_BETA,0,0.024605
128,seed_505,BETWEEN_HISTORY,H_ALPHA,1,H_BETA,1,0.061394
128,seed_505,BETWEEN_HISTORY,H_ALPHA,1,H_BETA,2,0.090725
128,seed_505,BETWEEN_HISTORY,H_ALPHA,1,H_GAMMA,0,0.065826
128,seed_505,BETWEEN_HISTORY,H_ALPHA,1,H_GAMMA,1,0.074237
128,seed_505,BETWEEN_HISTORY,H_ALPHA,1,H_GAMMA,2,0.048898
128,seed_505,BETWEEN_HISTORY,H_ALPHA,2,H_BETA,0,0.059391
128,seed_505,BETWEEN_HISTORY,H_ALPHA,2,H_BETA,1,0.070298
128,seed_505,BETWEEN_HISTORY,H_ALPHA,2,H_BETA,2,0.083524
128,seed_505,BETWEEN_HISTORY,H_ALPHA,2,H_GAMMA,0,0.114245
128,seed_505,BETWEEN_HISTORY,H_ALPHA,2,H_GAMMA,1,0.110065
128,seed_505,BETWEEN_HISTORY,H_ALPHA,2,H_GAMMA,2,0.048173
128,seed_505,WITHIN_HISTORY,H_BETA,0,H_BETA,1,0.038305
128,seed_505,WITHIN_HISTORY,H_BETA,0,H_BETA,2,0.067096
128,seed_505,BETWEEN_HISTORY,H_BETA,0,H_GAMMA,0,0.059162
128,seed_505,BETWEEN_HISTORY,H_BETA,0,H_GAMMA,1,0.061382
128,seed_505,BETWEEN_HISTORY,H_BETA,0,H_GAMMA,2,0.024555
128,seed_505,WITHIN_HISTORY,H_BETA,1,H_BETA,2,0.029438
128,seed_505,BETWEEN_HISTORY,H_BETA,1,H_GAMMA,0,0.051776
128,seed_505,BETWEEN_HISTORY,H_BETA,1,H_GAMMA,1,0.041751
128,seed_505,BETWEEN_HISTORY,H_BETA,1,H_GAMMA,2,0.024112
128,seed_505,BETWEEN_HISTORY,H_BETA,2,H_GAMMA,0,0.069689
128,seed_505,BETWEEN_HISTORY,H_BETA,2,H_GAMMA,1,0.053538
128,seed_505,BETWEEN_HISTORY,H_BETA,2,H_GAMMA,2,0.047673
128,seed_505,WITHIN_HISTORY,H_GAMMA,0,H_GAMMA,1,0.018632
128,seed_505,WITHIN_HISTORY,H_GAMMA,0,H_GAMMA,2,0.066901
128,seed_505,WITHIN_HISTORY,H_GAMMA,1,H_GAMMA,2,0.06191
256,seed_101,WITHIN_HISTORY,H_ALPHA,0,H_ALPHA,1,0.05296
256,seed_101,WITHIN_HISTORY,H_ALPHA,0,H_ALPHA,2,0.042594
256,seed_101,BETWEEN_HISTORY,H_ALPHA,0,H_BETA,0,0.356183
256,seed_101,BETWEEN_HISTORY,H_ALPHA,0,H_BETA,1,0.419103
256,seed_101,BETWEEN_HISTORY,H_ALPHA,0,H_BETA,2,0.425013
256,seed_101,BETWEEN_HISTORY,H_ALPHA,0,H_GAMMA,0,0.73739
256,seed_101,BETWEEN_HISTORY,H_ALPHA,0,H_GAMMA,1,0.725068
256,seed_101,BETWEEN_HISTORY,H_ALPHA,0,H_GAMMA,2,0.731618
256,seed_101,WITHIN_HISTORY,H_ALPHA,1,H_ALPHA,2,0.09545
256,seed_101,BETWEEN_HISTORY,H_ALPHA,1,H_BETA,0,0.401482
256,seed_101,BETWEEN_HISTORY,H_ALPHA,1,H_BETA,1,0.466615
256,seed_101,BETWEEN_HISTORY,H_ALPHA,1,H_BETA,2,0.47028
256,seed_101,BETWEEN_HISTORY,H_ALPHA,1,H_GAMMA,0,0.778156
256,seed_101,BETWEEN_HISTORY,H_ALPHA,1,H_GAMMA,1,0.768395
256,seed_101,BETWEEN_HISTORY,H_ALPHA,1,H_GAMMA,2,0.77464
256,seed_101,BETWEEN_HISTORY,H_ALPHA,2,H_BETA,0,0.324148
256,seed_101,BETWEEN_HISTORY,H_ALPHA,2,H_BETA,1,0.384236
256,seed_101,BETWEEN_HISTORY,H_ALPHA,2,H_BETA,2,0.392665
256,seed_101,BETWEEN_HISTORY,H_ALPHA,2,H_GAMMA,0,0.70891
256,seed_101,BETWEEN_HISTORY,H_ALPHA,2,H_GAMMA,1,0.694039
256,seed_101,BETWEEN_HISTORY,H_ALPHA,2,H_GAMMA,2,0.700889
256,seed_101,WITHIN_HISTORY,H_BETA,0,H_BETA,1,0.073761
256,seed_101,WITHIN_HISTORY,H_BETA,0,H_BETA,2,0.068851
256,seed_101,BETWEEN_HISTORY,H_BETA,0,H_GAMMA,0,0.388017
256,seed_101,BETWEEN_HISTORY,H_BETA,0,H_GAMMA,1,0.369968
256,seed_101,BETWEEN_HISTORY,H_BETA,0,H_GAMMA,2,0.376955
256,seed_101,WITHIN_HISTORY,H_BETA,1,H_BETA,2,0.040775
256,seed_101,BETWEEN_HISTORY,H_BETA,1,H_GAMMA,0,0.345987
256,seed_101,BETWEEN_HISTORY,H_BETA,1,H_GAMMA,1,0.318138
256,seed_101,BETWEEN_HISTORY,H_BETA,1,H_GAMMA,2,0.326192
256,seed_101,BETWEEN_HISTORY,H_BETA,2,H_GAMMA,0,0.323038
256,seed_101,BETWEEN_HISTORY,H_BETA,2,H_GAMMA,1,0.301945
256,seed_101,BETWEEN_HISTORY,H_BETA,2,H_GAMMA,2,0.309182
256,seed_101,WITHIN_HISTORY,H_GAMMA,0,H_GAMMA,1,0.066594
256,seed_101,WITHIN_HISTORY,H_GAMMA,0,H_GAMMA,2,0.057966
256,seed_101,WITHIN_HISTORY,H_GAMMA,1,H_GAMMA,2,0.010372
256,seed_202,WITHIN_HISTORY,H_ALPHA,0,H_ALPHA,1,0.075685
256,seed_202,WITHIN_HISTORY,H_ALPHA,0,H_ALPHA,2,0.025532
256,seed_202,BETWEEN_HISTORY,H_ALPHA,0,H_BETA,0,0.378597
256,seed_202,BETWEEN_HISTORY,H_ALPHA,0,H_BETA,1,0.291705
256,seed_202,BETWEEN_HISTORY,H_ALPHA,0,H_BETA,2,0.395199
256,seed_202,BETWEEN_HISTORY,H_ALPHA,0,H_GAMMA,0,0.738305
256,seed_202,BETWEEN_HISTORY,H_ALPHA,0,H_GAMMA,1,0.729269
256,seed_202,BETWEEN_HISTORY,H_ALPHA,0,H_GAMMA,2,0.628723
256,seed_202,WITHIN_HISTORY,H_ALPHA,1,H_ALPHA,2,0.058065
256,seed_202,BETWEEN_HISTORY,H_ALPHA,1,H_BETA,0,0.421685
256,seed_202,BETWEEN_HISTORY,H_ALPHA,1,H_BETA,1,0.331906
256,seed_202,BETWEEN_HISTORY,H_ALPHA,1,H_BETA,2,0.437761
256,seed_202,BETWEEN_HISTORY,H_ALPHA,1,H_GAMMA,0,0.763091
256,seed_202,BETWEEN_HISTORY,H_ALPHA,1,H_GAMMA,1,0.752446
256,seed_202,BETWEEN_HISTORY,H_ALPHA,1,H_GAMMA,2,0.653911
256,seed_202,BETWEEN_HISTORY,H_ALPHA,2,H_BETA,0,0.375496
256,seed_202,BETWEEN_HISTORY,H_ALPHA,2,H_BETA,1,0.287037
256,seed_202,BETWEEN_HISTORY,H_ALPHA,2,H_BETA,2,0.391916
256,seed_202,BETWEEN_HISTORY,H_ALPHA,2,H_GAMMA,0,0.728775
256,seed_202,BETWEEN_HISTORY,H_ALPHA,2,H_GAMMA,1,0.719188
256,seed_202,BETWEEN_HISTORY,H_ALPHA,2,H_GAMMA,2,0.619218
256,seed_202,WITHIN_HISTORY,H_BETA,0,H_BETA,1,0.090188
256,seed_202,WITHIN_HISTORY,H_BETA,0,H_BETA,2,0.01676
256,seed_202,BETWEEN_HISTORY,H_BETA,0,H_GAMMA,0,0.384175
256,seed_202,BETWEEN_HISTORY,H_BETA,0,H_GAMMA,1,0.380125
256,seed_202,BETWEEN_HISTORY,H_BETA,0,H_GAMMA,2,0.279341
256,seed_202,WITHIN_HISTORY,H_BETA,1,H_BETA,2,0.105953
256,seed_202,BETWEEN_HISTORY,H_BETA,1,H_GAMMA,0,0.454266
256,seed_202,BETWEEN_HISTORY,H_BETA,1,H_GAMMA,1,0.447474
256,seed_202,BETWEEN_HISTORY,H_BETA,1,H_GAMMA,2,0.34568
256,seed_202,BETWEEN_HISTORY,H_BETA,2,H_GAMMA,0,0.368657
256,seed_202,BETWEEN_HISTORY,H_BETA,2,H_GAMMA,1,0.364966
256,seed_202,BETWEEN_HISTORY,H_BETA,2,H_GAMMA,2,0.264546
256,seed_202,WITHIN_HISTORY,H_GAMMA,0,H_GAMMA,1,0.020779
256,seed_202,WITHIN_HISTORY,H_GAMMA,0,H_GAMMA,2,0.109587
256,seed_202,WITHIN_HISTORY,H_GAMMA,1,H_GAMMA,2,0.10182
256,seed_303,WITHIN_HISTORY,H_ALPHA,0,H_ALPHA,1,0.113173
256,seed_303,WITHIN_HISTORY,H_ALPHA,0,H_ALPHA,2,0.119374
256,seed_303,BETWEEN_HISTORY,H_ALPHA,0,H_BETA,0,0.342402
256,seed_303,BETWEEN_HISTORY,H_ALPHA,0,H_BETA,1,0.294173
256,seed_303,BETWEEN_HISTORY,H_ALPHA,0,H_BETA,2,0.347849
256,seed_303,BETWEEN_HISTORY,H_ALPHA,0,H_GAMMA,0,0.587909
256,seed_303,BETWEEN_HISTORY,H_ALPHA,0,H_GAMMA,1,0.653306
256,seed_303,BETWEEN_HISTORY,H_ALPHA,0,H_GAMMA,2,0.608645
256,seed_303,WITHIN_HISTORY,H_ALPHA,1,H_ALPHA,2,0.045898
256,seed_303,BETWEEN_HISTORY,H_ALPHA,1,H_BETA,0,0.412164
256,seed_303,BETWEEN_HISTORY,H_ALPHA,1,H_BETA,1,0.372257
256,seed_303,BETWEEN_HISTORY,H_ALPHA,1,H_BETA,2,0.426274
256,seed_303,BETWEEN_HISTORY,H_ALPHA,1,H_GAMMA,0,0.677724
256,seed_303,BETWEEN_HISTORY,H_ALPHA,1,H_GAMMA,1,0.739647
256,seed_303,BETWEEN_HISTORY,H_ALPHA,1,H_GAMMA,2,0.700536
256,seed_303,BETWEEN_HISTORY,H_ALPHA,2,H_BETA,0,0.378876
256,seed_303,BETWEEN_HISTORY,H_ALPHA,2,H_BETA,1,0.342586
256,seed_303,BETWEEN_HISTORY,H_ALPHA,2,H_BETA,2,0.395987
256,seed_303,BETWEEN_HISTORY,H_ALPHA,2,H_GAMMA,0,0.650771
256,seed_303,BETWEEN_HISTORY,H_ALPHA,2,H_GAMMA,1,0.710781
256,seed_303,BETWEEN_HISTORY,H_ALPHA,2,H_GAMMA,2,0.674586
256,seed_303,WITHIN_HISTORY,H_BETA,0,H_BETA,1,0.056509
256,seed_303,WITHIN_HISTORY,H_BETA,0,H_BETA,2,0.040681
256,seed_303,BETWEEN_HISTORY,H_BETA,0,H_GAMMA,0,0.286218
256,seed_303,BETWEEN_HISTORY,H_BETA,0,H_GAMMA,1,0.33795
256,seed_303,BETWEEN_HISTORY,H_BETA,0,H_GAMMA,2,0.313809
256,seed_303,WITHIN_HISTORY,H_BETA,1,H_BETA,2,0.05421
256,seed_303,BETWEEN_HISTORY,H_BETA,1,H_GAMMA,0,0.309378
256,seed_303,BETWEEN_HISTORY,H_BETA,1,H_GAMMA,1,0.368195
256,seed_303,BETWEEN_HISTORY,H_BETA,1,H_GAMMA,2,0.334506
256,seed_303,BETWEEN_HISTORY,H_BETA,2,H_GAMMA,0,0.258297
256,seed_303,BETWEEN_HISTORY,H_BETA,2,H_GAMMA,1,0.315086
256,seed_303,BETWEEN_HISTORY,H_BETA,2,H_GAMMA,2,0.284482
256,seed_303,WITHIN_HISTORY,H_GAMMA,0,H_GAMMA,1,0.072627
256,seed_303,WITHIN_HISTORY,H_GAMMA,0,H_GAMMA,2,0.030366
256,seed_303,WITHIN_HISTORY,H_GAMMA,1,H_GAMMA,2,0.071418
256,seed_404,WITHIN_HISTORY,H_ALPHA,0,H_ALPHA,1,0.066567
256,seed_404,WITHIN_HISTORY,H_ALPHA,0,H_ALPHA,2,0.015742
256,seed_404,BETWEEN_HISTORY,H_ALPHA,0,H_BETA,0,0.323034
256,seed_404,BETWEEN_HISTORY,H_ALPHA,0,H_BETA,1,0.289923
256,seed_404,BETWEEN_HISTORY,H_ALPHA,0,H_BETA,2,0.312481
256,seed_404,BETWEEN_HISTORY,H_ALPHA,0,H_GAMMA,0,0.643203
256,seed_404,BETWEEN_HISTORY,H_ALPHA,0,H_GAMMA,1,0.655309
256,seed_404,BETWEEN_HISTORY,H_ALPHA,0,H_GAMMA,2,0.622722
256,seed_404,WITHIN_HISTORY,H_ALPHA,1,H_ALPHA,2,0.066277
256,seed_404,BETWEEN_HISTORY,H_ALPHA,1,H_BETA,0,0.336861
256,seed_404,BETWEEN_HISTORY,H_ALPHA,1,H_BETA,1,0.295353
256,seed_404,BETWEEN_HISTORY,H_ALPHA,1,H_BETA,2,0.306858
256,seed_404,BETWEEN_HISTORY,H_ALPHA,1,H_GAMMA,0,0.637847
256,seed_404,BETWEEN_HISTORY,H_ALPHA,1,H_GAMMA,1,0.655218
256,seed_404,BETWEEN_HISTORY,H_ALPHA,1,H_GAMMA,2,0.617502
256,seed_404,BETWEEN_HISTORY,H_ALPHA,2,H_BETA,0,0.307778
256,seed_404,BETWEEN_HISTORY,H_ALPHA,2,H_BETA,1,0.274267
256,seed_404,BETWEEN_HISTORY,H_ALPHA,2,H_BETA,2,0.296766
256,seed_404,BETWEEN_HISTORY,H_ALPHA,2,H_GAMMA,0,0.627461
256,seed_404,BETWEEN_HISTORY,H_ALPHA,2,H_GAMMA,1,0.639616
256,seed_404,BETWEEN_HISTORY,H_ALPHA,2,H_GAMMA,2,0.60698
256,seed_404,WITHIN_HISTORY,H_BETA,0,H_BETA,1,0.055016
256,seed_404,WITHIN_HISTORY,H_BETA,0,H_BETA,2,0.097285
256,seed_404,BETWEEN_HISTORY,H_BETA,0,H_GAMMA,0,0.340258
256,seed_404,BETWEEN_HISTORY,H_BETA,0,H_GAMMA,1,0.341426
256,seed_404,BETWEEN_HISTORY,H_BETA,0,H_GAMMA,2,0.320271
256,seed_404,WITHIN_HISTORY,H_BETA,1,H_BETA,2,0.053542
256,seed_404,BETWEEN_HISTORY,H_BETA,1,H_GAMMA,0,0.356268
256,seed_404,BETWEEN_HISTORY,H_BETA,1,H_GAMMA,1,0.365539
256,seed_404,BETWEEN_HISTORY,H_BETA,1,H_GAMMA,2,0.33583
256,seed_404,BETWEEN_HISTORY,H_BETA,2,H_GAMMA,0,0.331725
256,seed_404,BETWEEN_HISTORY,H_BETA,2,H_GAMMA,1,0.348636
256,seed_404,BETWEEN_HISTORY,H_BETA,2,H_GAMMA,2,0.311295
256,seed_404,WITHIN_HISTORY,H_GAMMA,0,H_GAMMA,1,0.056881
256,seed_404,WITHIN_HISTORY,H_GAMMA,0,H_GAMMA,2,0.020484
256,seed_404,WITHIN_HISTORY,H_GAMMA,1,H_GAMMA,2,0.063232
256,seed_505,WITHIN_HISTORY,H_ALPHA,0,H_ALPHA,1,0.098708
256,seed_505,WITHIN_HISTORY,H_ALPHA,0,H_ALPHA,2,0.106169
256,seed_505,BETWEEN_HISTORY,H_ALPHA,0,H_BETA,0,0.43808
256,seed_505,BETWEEN_HISTORY,H_ALPHA,0,H_BETA,1,0.420577
256,seed_505,BETWEEN_HISTORY,H_ALPHA,0,H_BETA,2,0.410396
256,seed_505,BETWEEN_HISTORY,H_ALPHA,0,H_GAMMA,0,0.705525
256,seed_505,BETWEEN_HISTORY,H_ALPHA,0,H_GAMMA,1,0.767936
256,seed_505,BETWEEN_HISTORY,H_ALPHA,0,H_GAMMA,2,0.786771
256,seed_505,WITHIN_HISTORY,H_ALPHA,1,H_ALPHA,2,0.138792
256,seed_505,BETWEEN_HISTORY,H_ALPHA,1,H_BETA,0,0.351122
256,seed_505,BETWEEN_HISTORY,H_ALPHA,1,H_BETA,1,0.34107
256,seed_505,BETWEEN_HISTORY,H_ALPHA,1,H_BETA,2,0.330519
256,seed_505,BETWEEN_HISTORY,H_ALPHA,1,H_GAMMA,0,0.625406
256,seed_505,BETWEEN_HISTORY,H_ALPHA,1,H_GAMMA,1,0.691273
256,seed_505,BETWEEN_HISTORY,H_ALPHA,1,H_GAMMA,2,0.704099
256,seed_505,BETWEEN_HISTORY,H_ALPHA,2,H_BETA,0,0.396968
256,seed_505,BETWEEN_HISTORY,H_ALPHA,2,H_BETA,1,0.367483
256,seed_505,BETWEEN_HISTORY,H_ALPHA,2,H_BETA,2,0.358315
256,seed_505,BETWEEN_HISTORY,H_ALPHA,2,H_GAMMA,0,0.646697
256,seed_505,BETWEEN_HISTORY,H_ALPHA,2,H_GAMMA,1,0.703521
256,seed_505,BETWEEN_HISTORY,H_ALPHA,2,H_GAMMA,2,0.73107
256,seed_505,WITHIN_HISTORY,H_BETA,0,H_BETA,1,0.057484
256,seed_505,WITHIN_HISTORY,H_BETA,0,H_BETA,2,0.057828
256,seed_505,BETWEEN_HISTORY,H_BETA,0,H_GAMMA,0,0.279999
256,seed_505,BETWEEN_HISTORY,H_BETA,0,H_GAMMA,1,0.351586
256,seed_505,BETWEEN_HISTORY,H_BETA,0,H_GAMMA,2,0.354477
256,seed_505,WITHIN_HISTORY,H_BETA,1,H_BETA,2,0.010677
256,seed_505,BETWEEN_HISTORY,H_BETA,1,H_GAMMA,0,0.285135
256,seed_505,BETWEEN_HISTORY,H_BETA,1,H_GAMMA,1,0.350266
256,seed_505,BETWEEN_HISTORY,H_BETA,1,H_GAMMA,2,0.366418
256,seed_505,BETWEEN_HISTORY,H_BETA,2,H_GAMMA,0,0.295482
256,seed_505,BETWEEN_HISTORY,H_BETA,2,H_GAMMA,1,0.360864
256,seed_505,BETWEEN_HISTORY,H_BETA,2,H_GAMMA,2,0.376463
256,seed_505,WITHIN_HISTORY,H_GAMMA,0,H_GAMMA,1,0.077489
256,seed_505,WITHIN_HISTORY,H_GAMMA,0,H_GAMMA,2,0.087297
256,seed_505,WITHIN_HISTORY,H_GAMMA,1,H_GAMMA,2,0.084653
384,seed_101,WITHIN_HISTORY,H_ALPHA,0,H_ALPHA,1,0.138859
384,seed_101,WITHIN_HISTORY,H_ALPHA,0,H_ALPHA,2,0.106076
384,seed_101,BETWEEN_HISTORY,H_ALPHA,0,H_BETA,0,1.882074
384,seed_101,BETWEEN_HISTORY,H_ALPHA,0,H_BETA,1,1.877338
384,seed_101,BETWEEN_HISTORY,H_ALPHA,0,H_BETA,2,1.839462
384,seed_101,BETWEEN_HISTORY,H_ALPHA,0,H_GAMMA,0,2.633346
384,seed_101,BETWEEN_HISTORY,H_ALPHA,0,H_GAMMA,1,2.660992
384,seed_101,BETWEEN_HISTORY,H_ALPHA,0,H_GAMMA,2,2.583847
384,seed_101,WITHIN_HISTORY,H_ALPHA,1,H_ALPHA,2,0.056761
384,seed_101,BETWEEN_HISTORY,H_ALPHA,1,H_BETA,0,1.781198
384,seed_101,BETWEEN_HISTORY,H_ALPHA,1,H_BETA,1,1.776967
384,seed_101,BETWEEN_HISTORY,H_ALPHA,1,H_BETA,2,1.736654
384,seed_101,BETWEEN_HISTORY,H_ALPHA,1,H_GAMMA,0,2.576099
384,seed_101,BETWEEN_HISTORY,H_ALPHA,1,H_GAMMA,1,2.603757
384,seed_101,BETWEEN_HISTORY,H_ALPHA,1,H_GAMMA,2,2.526236
384,seed_101,BETWEEN_HISTORY,H_ALPHA,2,H_BETA,0,1.782188
384,seed_101,BETWEEN_HISTORY,H_ALPHA,2,H_BETA,1,1.777642
384,seed_101,BETWEEN_HISTORY,H_ALPHA,2,H_BETA,2,1.738862
384,seed_101,BETWEEN_HISTORY,H_ALPHA,2,H_GAMMA,0,2.554636
384,seed_101,BETWEEN_HISTORY,H_ALPHA,2,H_GAMMA,1,2.58229
384,seed_101,BETWEEN_HISTORY,H_ALPHA,2,H_GAMMA,2,2.504928
384,seed_101,WITHIN_HISTORY,H_BETA,0,H_BETA,1,0.016607
384,seed_101,WITHIN_HISTORY,H_BETA,0,H_BETA,2,0.07474
384,seed_101,BETWEEN_HISTORY,H_BETA,0,H_GAMMA,0,1.701938
384,seed_101,BETWEEN_HISTORY,H_BETA,0,H_GAMMA,1,1.727215
384,seed_101,BETWEEN_HISTORY,H_BETA,0,H_GAMMA,2,1.649063
384,seed_101,WITHIN_HISTORY,H_BETA,1,H_BETA,2,0.085638
384,seed_101,BETWEEN_HISTORY,H_BETA,1,H_GAMMA,0,1.685331
384,seed_101,BETWEEN_HISTORY,H_BETA,1,H_GAMMA,1,1.710608
384,seed_101,BETWEEN_HISTORY,H_BETA,1,H_GAMMA,2,1.632455
384,seed_101,BETWEEN_HISTORY,H_BETA,2,H_GAMMA,0,1.747898
384,seed_101,BETWEEN_HISTORY,H_BETA,2,H_GAMMA,1,1.77341
384,seed_101,BETWEEN_HISTORY,H_BETA,2,H_GAMMA,2,1.694919
384,seed_101,WITHIN_HISTORY,H_GAMMA,0,H_GAMMA,1,0.027661
384,seed_101,WITHIN_HISTORY,H_GAMMA,0,H_GAMMA,2,0.053134
384,seed_101,WITHIN_HISTORY,H_GAMMA,1,H_GAMMA,2,0.079818
384,seed_202,WITHIN_HISTORY,H_ALPHA,0,H_ALPHA,1,0.030963
384,seed_202,WITHIN_HISTORY,H_ALPHA,0,H_ALPHA,2,0.031958
384,seed_202,BETWEEN_HISTORY,H_ALPHA,0,H_BETA,0,1.683516
384,seed_202,BETWEEN_HISTORY,H_ALPHA,0,H_BETA,1,1.730346
384,seed_202,BETWEEN_HISTORY,H_ALPHA,0,H_BETA,2,1.731697
384,seed_202,BETWEEN_HISTORY,H_ALPHA,0,H_GAMMA,0,2.5727
384,seed_202,BETWEEN_HISTORY,H_ALPHA,0,H_GAMMA,1,2.564047
384,seed_202,BETWEEN_HISTORY,H_ALPHA,0,H_GAMMA,2,2.532901
384,seed_202,WITHIN_HISTORY,H_ALPHA,1,H_ALPHA,2,0.029841
384,seed_202,BETWEEN_HISTORY,H_ALPHA,1,H_BETA,0,1.703202
384,seed_202,BETWEEN_HISTORY,H_ALPHA,1,H_BETA,1,1.748567
384,seed_202,BETWEEN_HISTORY,H_ALPHA,1,H_BETA,2,1.750211
384,seed_202,BETWEEN_HISTORY,H_ALPHA,1,H_GAMMA,0,2.580231
384,seed_202,BETWEEN_HISTORY,H_ALPHA,1,H_GAMMA,1,2.571182
384,seed_202,BETWEEN_HISTORY,H_ALPHA,1,H_GAMMA,2,2.540168
384,seed_202,BETWEEN_HISTORY,H_ALPHA,2,H_BETA,0,1.674223
384,seed_202,BETWEEN_HISTORY,H_ALPHA,2,H_BETA,1,1.719211
384,seed_202,BETWEEN_HISTORY,H_ALPHA,2,H_BETA,2,1.720921
384,seed_202,BETWEEN_HISTORY,H_ALPHA,2,H_GAMMA,0,2.551026
384,seed_202,BETWEEN_HISTORY,H_ALPHA,2,H_GAMMA,1,2.542061
384,seed_202,BETWEEN_HISTORY,H_ALPHA,2,H_GAMMA,2,2.511019
384,seed_202,WITHIN_HISTORY,H_BETA,0,H_BETA,1,0.167443
384,seed_202,WITHIN_HISTORY,H_BETA,0,H_BETA,2,0.138013
384,seed_202,BETWEEN_HISTORY,H_BETA,0,H_GAMMA,0,1.789284
384,seed_202,BETWEEN_HISTORY,H_BETA,0,H_GAMMA,1,1.814368
384,seed_202,BETWEEN_HISTORY,H_BETA,0,H_GAMMA,2,1.774734
384,seed_202,WITHIN_HISTORY,H_BETA,1,H_BETA,2,0.032474
384,seed_202,BETWEEN_HISTORY,H_BETA,1,H_GAMMA,0,1.642694
384,seed_202,BETWEEN_HISTORY,H_BETA,1,H_GAMMA,1,1.670285
384,seed_202,BETWEEN_HISTORY,H_BETA,1,H_GAMMA,2,1.630245
384,seed_202,BETWEEN_HISTORY,H_BETA,2,H_GAMMA,0,1.674791
384,seed_202,BETWEEN_HISTORY,H_BETA,2,H_GAMMA,1,1.702209
384,seed_202,BETWEEN_HISTORY,H_BETA,2,H_GAMMA,2,1.662198
384,seed_202,WITHIN_HISTORY,H_GAMMA,0,H_GAMMA,1,0.086211
384,seed_202,WITHIN_HISTORY,H_GAMMA,0,H_GAMMA,2,0.068953
384,seed_202,WITHIN_HISTORY,H_GAMMA,1,H_GAMMA,2,0.04189
384,seed_303,WITHIN_HISTORY,H_ALPHA,0,H_ALPHA,1,0.17345
384,seed_303,WITHIN_HISTORY,H_ALPHA,0,H_ALPHA,2,0.074953
384,seed_303,BETWEEN_HISTORY,H_ALPHA,0,H_BETA,0,1.752544
384,seed_303,BETWEEN_HISTORY,H_ALPHA,0,H_BETA,1,1.778803
384,seed_303,BETWEEN_HISTORY,H_ALPHA,0,H_BETA,2,1.765244
384,seed_303,BETWEEN_HISTORY,H_ALPHA,0,H_GAMMA,0,2.73665
384,seed_303,BETWEEN_HISTORY,H_ALPHA,0,H_GAMMA,1,2.757263
384,seed_303,BETWEEN_HISTORY,H_ALPHA,0,H_GAMMA,2,2.712263
384,seed_303,WITHIN_HISTORY,H_ALPHA,1,H_ALPHA,2,0.222674
384,seed_303,BETWEEN_HISTORY,H_ALPHA,1,H_BETA,0,1.600664
384,seed_303,BETWEEN_HISTORY,H_ALPHA,1,H_BETA,1,1.628143
384,seed_303,BETWEEN_HISTORY,H_ALPHA,1,H_BETA,2,1.618434
384,seed_303,BETWEEN_HISTORY,H_ALPHA,1,H_GAMMA,0,2.564833
384,seed_303,BETWEEN_HISTORY,H_ALPHA,1,H_GAMMA,1,2.585497
384,seed_303,BETWEEN_HISTORY,H_ALPHA,1,H_GAMMA,2,2.540627
384,seed_303,BETWEEN_HISTORY,H_ALPHA,2,H_BETA,0,1.817237
384,seed_303,BETWEEN_HISTORY,H_ALPHA,2,H_BETA,1,1.843978
384,seed_303,BETWEEN_HISTORY,H_ALPHA,2,H_BETA,2,1.831792
384,seed_303,BETWEEN_HISTORY,H_ALPHA,2,H_GAMMA,0,2.785819
384,seed_303,BETWEEN_HISTORY,H_ALPHA,2,H_GAMMA,1,2.806538
384,seed_303,BETWEEN_HISTORY,H_ALPHA,2,H_GAMMA,2,2.761805
384,seed_303,WITHIN_HISTORY,H_BETA,0,H_BETA,1,0.046158
384,seed_303,WITHIN_HISTORY,H_BETA,0,H_BETA,2,0.149923
384,seed_303,BETWEEN_HISTORY,H_BETA,0,H_GAMMA,0,1.656377
384,seed_303,BETWEEN_HISTORY,H_BETA,0,H_GAMMA,1,1.670153
384,seed_303,BETWEEN_HISTORY,H_BETA,0,H_GAMMA,2,1.614787
384,seed_303,WITHIN_HISTORY,H_BETA,1,H_BETA,2,0.114155
384,seed_303,BETWEEN_HISTORY,H_BETA,1,H_GAMMA,0,1.696265
384,seed_303,BETWEEN_HISTORY,H_BETA,1,H_GAMMA,1,1.709846
384,seed_303,BETWEEN_HISTORY,H_BETA,1,H_GAMMA,2,1.654315
384,seed_303,BETWEEN_HISTORY,H_BETA,2,H_GAMMA,0,1.8062
384,seed_303,BETWEEN_HISTORY,H_BETA,2,H_GAMMA,1,1.820014
384,seed_303,BETWEEN_HISTORY,H_BETA,2,H_GAMMA,2,1.764673
384,seed_303,WITHIN_HISTORY,H_GAMMA,0,H_GAMMA,1,0.025581
384,seed_303,WITHIN_HISTORY,H_GAMMA,0,H_GAMMA,2,0.056851
384,seed_303,WITHIN_HISTORY,H_GAMMA,1,H_GAMMA,2,0.05821
384,seed_404,WITHIN_HISTORY,H_ALPHA,0,H_ALPHA,1,0.116155
384,seed_404,WITHIN_HISTORY,H_ALPHA,0,H_ALPHA,2,0.016823
384,seed_404,BETWEEN_HISTORY,H_ALPHA,0,H_BETA,0,1.55665
384,seed_404,BETWEEN_HISTORY,H_ALPHA,0,H_BETA,1,1.661485
384,seed_404,BETWEEN_HISTORY,H_ALPHA,0,H_BETA,2,1.573667
384,seed_404,BETWEEN_HISTORY,H_ALPHA,0,H_GAMMA,0,2.528989
384,seed_404,BETWEEN_HISTORY,H_ALPHA,0,H_GAMMA,1,2.447743
384,seed_404,BETWEEN_HISTORY,H_ALPHA,0,H_GAMMA,2,2.574505
384,seed_404,WITHIN_HISTORY,H_ALPHA,1,H_ALPHA,2,0.132506
384,seed_404,BETWEEN_HISTORY,H_ALPHA,1,H_BETA,0,1.670445
384,seed_404,BETWEEN_HISTORY,H_ALPHA,1,H_BETA,1,1.775767
384,seed_404,BETWEEN_HISTORY,H_ALPHA,1,H_BETA,2,1.687889
384,seed_404,BETWEEN_HISTORY,H_ALPHA,1,H_GAMMA,0,2.641845
384,seed_404,BETWEEN_HISTORY,H_ALPHA,1,H_GAMMA,1,2.560443
384,seed_404,BETWEEN_HISTORY,H_ALPHA,1,H_GAMMA,2,2.687363
384,seed_404,BETWEEN_HISTORY,H_ALPHA,2,H_BETA,0,1.53984
384,seed_404,BETWEEN_HISTORY,H_ALPHA,2,H_BETA,1,1.644695
384,seed_404,BETWEEN_HISTORY,H_ALPHA,2,H_BETA,2,1.556875
384,seed_404,BETWEEN_HISTORY,H_ALPHA,2,H_GAMMA,0,2.514315
384,seed_404,BETWEEN_HISTORY,H_ALPHA,2,H_GAMMA,1,2.43312
384,seed_404,BETWEEN_HISTORY,H_ALPHA,2,H_GAMMA,2,2.559831
384,seed_404,WITHIN_HISTORY,H_BETA,0,H_BETA,1,0.119182
384,seed_404,WITHIN_HISTORY,H_BETA,0,H_BETA,2,0.049752
384,seed_404,BETWEEN_HISTORY,H_BETA,0,H_GAMMA,0,1.772079
384,seed_404,BETWEEN_HISTORY,H_BETA,0,H_GAMMA,1,1.709999
384,seed_404,BETWEEN_HISTORY,H_BETA,0,H_GAMMA,2,1.814559
384,seed_404,WITHIN_HISTORY,H_BETA,1,H_BETA,2,0.088162
384,seed_404,BETWEEN_HISTORY,H_BETA,1,H_GAMMA,0,1.73891
384,seed_404,BETWEEN_HISTORY,H_BETA,1,H_GAMMA,1,1.679572
384,seed_404,BETWEEN_HISTORY,H_BETA,1,H_GAMMA,2,1.780704
384,seed_404,BETWEEN_HISTORY,H_BETA,2,H_GAMMA,0,1.728926
384,seed_404,BETWEEN_HISTORY,H_BETA,2,H_GAMMA,1,1.667443
384,seed_404,BETWEEN_HISTORY,H_BETA,2,H_GAMMA,2,1.771263
384,seed_404,WITHIN_HISTORY,H_GAMMA,0,H_GAMMA,1,0.088805
384,seed_404,WITHIN_HISTORY,H_GAMMA,0,H_GAMMA,2,0.045519
384,seed_404,WITHIN_HISTORY,H_GAMMA,1,H_GAMMA,2,0.132082
384,seed_505,WITHIN_HISTORY,H_ALPHA,0,H_ALPHA,1,0.067689
384,seed_505,WITHIN_HISTORY,H_ALPHA,0,H_ALPHA,2,0.132939
384,seed_505,BETWEEN_HISTORY,H_ALPHA,0,H_BETA,0,1.745388
384,seed_505,BETWEEN_HISTORY,H_ALPHA,0,H_BETA,1,1.629761
384,seed_505,BETWEEN_HISTORY,H_ALPHA,0,H_BETA,2,1.600414
384,seed_505,BETWEEN_HISTORY,H_ALPHA,0,H_GAMMA,0,2.526979
384,seed_505,BETWEEN_HISTORY,H_ALPHA,0,H_GAMMA,1,2.464506
384,seed_505,BETWEEN_HISTORY,H_ALPHA,0,H_GAMMA,2,2.604255
384,seed_505,WITHIN_HISTORY,H_ALPHA,1,H_ALPHA,2,0.077479
384,seed_505,BETWEEN_HISTORY,H_ALPHA,1,H_BETA,0,1.792624
384,seed_505,BETWEEN_HISTORY,H_ALPHA,1,H_BETA,1,1.6754
384,seed_505,BETWEEN_HISTORY,H_ALPHA,1,H_BETA,2,1.647866
384,seed_505,BETWEEN_HISTORY,H_ALPHA,1,H_GAMMA,0,2.590132
384,seed_505,BETWEEN_HISTORY,H_ALPHA,1,H_GAMMA,1,2.527455
384,seed_505,BETWEEN_HISTORY,H_ALPHA,1,H_GAMMA,2,2.667318
384,seed_505,BETWEEN_HISTORY,H_ALPHA,2,H_BETA,0,1.869989
384,seed_505,BETWEEN_HISTORY,H_ALPHA,2,H_BETA,1,1.752856
384,seed_505,BETWEEN_HISTORY,H_ALPHA,2,H_BETA,2,1.725211
384,seed_505,BETWEEN_HISTORY,H_ALPHA,2,H_GAMMA,0,2.659687
384,seed_505,BETWEEN_HISTORY,H_ALPHA,2,H_GAMMA,1,2.597273
384,seed_505,BETWEEN_HISTORY,H_ALPHA,2,H_GAMMA,2,2.736991
384,seed_505,WITHIN_HISTORY,H_BETA,0,H_BETA,1,0.14512
384,seed_505,WITHIN_HISTORY,H_BETA,0,H_BETA,2,0.145348
384,seed_505,BETWEEN_HISTORY,H_BETA,0,H_GAMMA,0,1.760313
384,seed_505,BETWEEN_HISTORY,H_BETA,0,H_GAMMA,1,1.681505
384,seed_505,BETWEEN_HISTORY,H_BETA,0,H_GAMMA,2,1.82087
384,seed_505,WITHIN_HISTORY,H_BETA,1,H_BETA,2,0.095632
384,seed_505,BETWEEN_HISTORY,H_BETA,1,H_GAMMA,0,1.809453
384,seed_505,BETWEEN_HISTORY,H_BETA,1,H_GAMMA,1,1.731686
384,seed_505,BETWEEN_HISTORY,H_BETA,1,H_GAMMA,2,1.872402
384,seed_505,BETWEEN_HISTORY,H_BETA,2,H_GAMMA,0,1.714175
384,seed_505,BETWEEN_HISTORY,H_BETA,2,H_GAMMA,1,1.636483
384,seed_505,BETWEEN_HISTORY,H_BETA,2,H_GAMMA,2,1.777283
384,seed_505,WITHIN_HISTORY,H_GAMMA,0,H_GAMMA,1,0.081129
384,seed_505,WITHIN_HISTORY,H_GAMMA,0,H_GAMMA,2,0.081076
384,seed_505,WITHIN_HISTORY,H_GAMMA,1,H_GAMMA,2,0.142938
432,seed_101,WITHIN_HISTORY,H_ALPHA,0,H_ALPHA,1,0.116228
432,seed_101,WITHIN_HISTORY,H_ALPHA,0,H_ALPHA,2,0.081768
432,seed_101,BETWEEN_HISTORY,H_ALPHA,0,H_BETA,0,2.52377
432,seed_101,BETWEEN_HISTORY,H_ALPHA,0,H_BETA,1,2.660129
432,seed_101,BETWEEN_HISTORY,H_ALPHA,0,H_BETA,2,2.43538
432,seed_101,BETWEEN_HISTORY,H_ALPHA,0,H_GAMMA,0,3.279626
432,seed_101,BETWEEN_HISTORY,H_ALPHA,0,H_GAMMA,1,3.393056
432,seed_101,BETWEEN_HISTORY,H_ALPHA,0,H_GAMMA,2,3.44256
432,seed_101,WITHIN_HISTORY,H_ALPHA,1,H_ALPHA,2,0.045046
432,seed_101,BETWEEN_HISTORY,H_ALPHA,1,H_BETA,0,2.486466
432,seed_101,BETWEEN_HISTORY,H_ALPHA,1,H_BETA,1,2.618726
432,seed_101,BETWEEN_HISTORY,H_ALPHA,1,H_BETA,2,2.39549
432,seed_101,BETWEEN_HISTORY,H_ALPHA,1,H_GAMMA,0,3.278575
432,seed_101,BETWEEN_HISTORY,H_ALPHA,1,H_GAMMA,1,3.391102
432,seed_101,BETWEEN_HISTORY,H_ALPHA,1,H_GAMMA,2,3.441295
432,seed_101,BETWEEN_HISTORY,H_ALPHA,2,H_BETA,0,2.474439
432,seed_101,BETWEEN_HISTORY,H_ALPHA,2,H_BETA,1,2.60838
432,seed_101,BETWEEN_HISTORY,H_ALPHA,2,H_BETA,2,2.384513
432,seed_101,BETWEEN_HISTORY,H_ALPHA,2,H_GAMMA,0,3.253379
432,seed_101,BETWEEN_HISTORY,H_ALPHA,2,H_GAMMA,1,3.366201
432,seed_101,BETWEEN_HISTORY,H_ALPHA,2,H_GAMMA,2,3.41617
432,seed_101,WITHIN_HISTORY,H_BETA,0,H_BETA,1,0.277534
432,seed_101,WITHIN_HISTORY,H_BETA,0,H_BETA,2,0.163579
432,seed_101,BETWEEN_HISTORY,H_BETA,0,H_GAMMA,0,2.360423
432,seed_101,BETWEEN_HISTORY,H_BETA,0,H_GAMMA,1,2.428844
432,seed_101,BETWEEN_HISTORY,H_BETA,0,H_GAMMA,2,2.50492
432,seed_101,WITHIN_HISTORY,H_BETA,1,H_BETA,2,0.239934
432,seed_101,BETWEEN_HISTORY,H_BETA,1,H_GAMMA,0,2.629572
432,seed_101,BETWEEN_HISTORY,H_BETA,1,H_GAMMA,1,2.699464
432,seed_101,BETWEEN_HISTORY,H_BETA,1,H_GAMMA,2,2.774879
432,seed_101,BETWEEN_HISTORY,H_BETA,2,H_GAMMA,0,2.414633
432,seed_101,BETWEEN_HISTORY,H_BETA,2,H_GAMMA,1,2.486914
432,seed_101,BETWEEN_HISTORY,H_BETA,2,H_GAMMA,2,2.561194
432,seed_101,WITHIN_HISTORY,H_GAMMA,0,H_GAMMA,1,0.156833
432,seed_101,WITHIN_HISTORY,H_GAMMA,0,H_GAMMA,2,0.164957
432,seed_101,WITHIN_HISTORY,H_GAMMA,1,H_GAMMA,2,0.103011
432,seed_202,WITHIN_HISTORY,H_ALPHA,0,H_ALPHA,1,0.174397
432,seed_202,WITHIN_HISTORY,H_ALPHA,0,H_ALPHA,2,0.092308
432,seed_202,BETWEEN_HISTORY,H_ALPHA,0,H_BETA,0,2.451637
432,seed_202,BETWEEN_HISTORY,H_ALPHA,0,H_BETA,1,2.423844
432,seed_202,BETWEEN_HISTORY,H_ALPHA,0,H_BETA,2,2.445334
432,seed_202,BETWEEN_HISTORY,H_ALPHA,0,H_GAMMA,0,3.304085
432,seed_202,BETWEEN_HISTORY,H_ALPHA,0,H_GAMMA,1,3.315148
432,seed_202,BETWEEN_HISTORY,H_ALPHA,0,H_GAMMA,2,3.329593
432,seed_202,WITHIN_HISTORY,H_ALPHA,1,H_ALPHA,2,0.215377
432,seed_202,BETWEEN_HISTORY,H_ALPHA,1,H_BETA,0,2.588662
432,seed_202,BETWEEN_HISTORY,H_ALPHA,1,H_BETA,1,2.560462
432,seed_202,BETWEEN_HISTORY,H_ALPHA,1,H_BETA,2,2.581468
432,seed_202,BETWEEN_HISTORY,H_ALPHA,1,H_GAMMA,0,3.467947
432,seed_202,BETWEEN_HISTORY,H_ALPHA,1,H_GAMMA,1,3.478765
432,seed_202,BETWEEN_HISTORY,H_ALPHA,1,H_GAMMA,2,3.49279
432,seed_202,BETWEEN_HISTORY,H_ALPHA,2,H_BETA,0,2.377909
432,seed_202,BETWEEN_HISTORY,H_ALPHA,2,H_BETA,1,2.349884
432,seed_202,BETWEEN_HISTORY,H_ALPHA,2,H_BETA,2,2.371102
432,seed_202,BETWEEN_HISTORY,H_ALPHA,2,H_GAMMA,0,3.254126
432,seed_202,BETWEEN_HISTORY,H_ALPHA,2,H_GAMMA,1,3.264838
432,seed_202,BETWEEN_HISTORY,H_ALPHA,2,H_GAMMA,2,3.278692
432,seed_202,WITHIN_HISTORY,H_BETA,0,H_BETA,1,0.036176
432,seed_202,WITHIN_HISTORY,H_BETA,0,H_BETA,2,0.050917
432,seed_202,BETWEEN_HISTORY,H_BETA,0,H_GAMMA,0,2.466859
432,seed_202,BETWEEN_HISTORY,H_BETA,0,H_GAMMA,1,2.457397
432,seed_202,BETWEEN_HISTORY,H_BETA,0,H_GAMMA,2,2.437019
432,seed_202,WITHIN_HISTORY,H_BETA,1,H_BETA,2,0.034301
432,seed_202,BETWEEN_HISTORY,H_BETA,1,H_GAMMA,0,2.467795
432,seed_202,BETWEEN_HISTORY,H_BETA,1,H_GAMMA,1,2.458709
432,seed_202,BETWEEN_HISTORY,H_BETA,1,H_GAMMA,2,2.438975
432,seed_202,BETWEEN_HISTORY,H_BETA,2,H_GAMMA,0,2.502096
432,seed_202,BETWEEN_HISTORY,H_BETA,2,H_GAMMA,1,2.493008
432,seed_202,BETWEEN_HISTORY,H_BETA,2,H_GAMMA,2,2.473262
432,seed_202,WITHIN_HISTORY,H_GAMMA,0,H_GAMMA,1,0.061267
432,seed_202,WITHIN_HISTORY,H_GAMMA,0,H_GAMMA,2,0.165105
432,seed_202,WITHIN_HISTORY,H_GAMMA,1,H_GAMMA,2,0.104136
432,seed_303,WITHIN_HISTORY,H_ALPHA,0,H_ALPHA,1,0.158878
432,seed_303,WITHIN_HISTORY,H_ALPHA,0,H_ALPHA,2,0.176728
432,seed_303,BETWEEN_HISTORY,H_ALPHA,0,H_BETA,0,2.403642
432,seed_303,BETWEEN_HISTORY,H_ALPHA,0,H_BETA,1,2.462915
432,seed_303,BETWEEN_HISTORY,H_ALPHA,0,H_BETA,2,2.488258
432,seed_303,BETWEEN_HISTORY,H_ALPHA,0,H_GAMMA,0,3.310401
432,seed_303,BETWEEN_HISTORY,H_ALPHA,0,H_GAMMA,1,3.227051
432,seed_303,BETWEEN_HISTORY,H_ALPHA,0,H_GAMMA,2,3.251237
432,seed_303,WITHIN_HISTORY,H_ALPHA,1,H_ALPHA,2,0.146667
432,seed_303,BETWEEN_HISTORY,H_ALPHA,1,H_BETA,0,2.493251
432,seed_303,BETWEEN_HISTORY,H_ALPHA,1,H_BETA,1,2.554411
432,seed_303,BETWEEN_HISTORY,H_ALPHA,1,H_BETA,2,2.57892
432,seed_303,BETWEEN_HISTORY,H_ALPHA,1,H_GAMMA,0,3.439089
432,seed_303,BETWEEN_HISTORY,H_ALPHA,1,H_GAMMA,1,3.356416
432,seed_303,BETWEEN_HISTORY,H_ALPHA,1,H_GAMMA,2,3.379666
432,seed_303,BETWEEN_HISTORY,H_ALPHA,2,H_BETA,0,2.578842
432,seed_303,BETWEEN_HISTORY,H_ALPHA,2,H_BETA,1,2.638421
432,seed_303,BETWEEN_HISTORY,H_ALPHA,2,H_BETA,2,2.663634
432,seed_303,BETWEEN_HISTORY,H_ALPHA,2,H_GAMMA,0,3.483495
432,seed_303,BETWEEN_HISTORY,H_ALPHA,2,H_GAMMA,1,3.399887
432,seed_303,BETWEEN_HISTORY,H_ALPHA,2,H_GAMMA,2,3.424428
432,seed_303,WITHIN_HISTORY,H_BETA,0,H_BETA,1,0.10448
432,seed_303,WITHIN_HISTORY,H_BETA,0,H_BETA,2,0.09782
432,seed_303,BETWEEN_HISTORY,H_BETA,0,H_GAMMA,0,2.539891
432,seed_303,BETWEEN_HISTORY,H_BETA,0,H_GAMMA,1,2.493619
432,seed_303,BETWEEN_HISTORY,H_BETA,0,H_GAMMA,2,2.471232
432,seed_303,WITHIN_HISTORY,H_BETA,1,H_BETA,2,0.046721
432,seed_303,BETWEEN_HISTORY,H_BETA,1,H_GAMMA,0,2.511409
432,seed_303,BETWEEN_HISTORY,H_BETA,1,H_GAMMA,1,2.467187
432,seed_303,BETWEEN_HISTORY,H_BETA,1,H_GAMMA,2,2.442452
432,seed_303,BETWEEN_HISTORY,H_BETA,2,H_GAMMA,0,2.557658
432,seed_303,BETWEEN_HISTORY,H_BETA,2,H_GAMMA,1,2.513293
432,seed_303,BETWEEN_HISTORY,H_BETA,2,H_GAMMA,2,2.48872
432,seed_303,WITHIN_HISTORY,H_GAMMA,0,H_GAMMA,1,0.131362
432,seed_303,WITHIN_HISTORY,H_GAMMA,0,H_GAMMA,2,0.07106
432,seed_303,WITHIN_HISTORY,H_GAMMA,1,H_GAMMA,2,0.138442
432,seed_404,WITHIN_HISTORY,H_ALPHA,0,H_ALPHA,1,0.100397
432,seed_404,WITHIN_HISTORY,H_ALPHA,0,H_ALPHA,2,0.029881
432,seed_404,BETWEEN_HISTORY,H_ALPHA,0,H_BETA,0,2.550836
432,seed_404,BETWEEN_HISTORY,H_ALPHA,0,H_BETA,1,2.589386
432,seed_404,BETWEEN_HISTORY,H_ALPHA,0,H_BETA,2,2.536729
432,seed_404,BETWEEN_HISTORY,H_ALPHA,0,H_GAMMA,0,3.364473
432,seed_404,BETWEEN_HISTORY,H_ALPHA,0,H_GAMMA,1,3.411965
432,seed_404,BETWEEN_HISTORY,H_ALPHA,0,H_GAMMA,2,3.347179
432,seed_404,WITHIN_HISTORY,H_ALPHA,1,H_ALPHA,2,0.078079
432,seed_404,BETWEEN_HISTORY,H_ALPHA,1,H_BETA,0,2.462128
432,seed_404,BETWEEN_HISTORY,H_ALPHA,1,H_BETA,1,2.499222
432,seed_404,BETWEEN_HISTORY,H_ALPHA,1,H_BETA,2,2.448114
432,seed_404,BETWEEN_HISTORY,H_ALPHA,1,H_GAMMA,0,3.265068
432,seed_404,BETWEEN_HISTORY,H_ALPHA,1,H_GAMMA,1,3.312747
432,seed_404,BETWEEN_HISTORY,H_ALPHA,1,H_GAMMA,2,3.247824
432,seed_404,BETWEEN_HISTORY,H_ALPHA,2,H_BETA,0,2.537254
432,seed_404,BETWEEN_HISTORY,H_ALPHA,2,H_BETA,1,2.574993
432,seed_404,BETWEEN_HISTORY,H_ALPHA,2,H_BETA,2,2.523197
432,seed_404,BETWEEN_HISTORY,H_ALPHA,2,H_GAMMA,0,3.342935
432,seed_404,BETWEEN_HISTORY,H_ALPHA,2,H_GAMMA,1,3.39068
432,seed_404,BETWEEN_HISTORY,H_ALPHA,2,H_GAMMA,2,3.32571
432,seed_404,WITHIN_HISTORY,H_BETA,0,H_BETA,1,0.201319
432,seed_404,WITHIN_HISTORY,H_BETA,0,H_BETA,2,0.018427
432,seed_404,BETWEEN_HISTORY,H_BETA,0,H_GAMMA,0,2.529472
432,seed_404,BETWEEN_HISTORY,H_BETA,0,H_GAMMA,1,2.516017
432,seed_404,BETWEEN_HISTORY,H_BETA,0,H_GAMMA,2,2.497406
432,seed_404,WITHIN_HISTORY,H_BETA,1,H_BETA,2,0.214751
432,seed_404,BETWEEN_HISTORY,H_BETA,1,H_GAMMA,0,2.403179
432,seed_404,BETWEEN_HISTORY,H_BETA,1,H_GAMMA,1,2.384811
432,seed_404,BETWEEN_HISTORY,H_BETA,1,H_GAMMA,2,2.370074
432,seed_404,BETWEEN_HISTORY,H_BETA,2,H_GAMMA,0,2.529115
432,seed_404,BETWEEN_HISTORY,H_BETA,2,H_GAMMA,1,2.516207
432,seed_404,BETWEEN_HISTORY,H_BETA,2,H_GAMMA,2,2.497165
432,seed_404,WITHIN_HISTORY,H_GAMMA,0,H_GAMMA,1,0.18408
432,seed_404,WITHIN_HISTORY,H_GAMMA,0,H_GAMMA,2,0.050158
432,seed_404,WITHIN_HISTORY,H_GAMMA,1,H_GAMMA,2,0.143662
432,seed_505,WITHIN_HISTORY,H_ALPHA,0,H_ALPHA,1,0.174966
432,seed_505,WITHIN_HISTORY,H_ALPHA,0,H_ALPHA,2,0.143616
432,seed_505,BETWEEN_HISTORY,H_ALPHA,0,H_BETA,0,2.626003
432,seed_505,BETWEEN_HISTORY,H_ALPHA,0,H_BETA,1,2.529413
432,seed_505,BETWEEN_HISTORY,H_ALPHA,0,H_BETA,2,2.591677
432,seed_505,BETWEEN_HISTORY,H_ALPHA,0,H_GAMMA,0,3.448547
432,seed_505,BETWEEN_HISTORY,H_ALPHA,0,H_GAMMA,1,3.416014
432,seed_505,BETWEEN_HISTORY,H_ALPHA,0,H_GAMMA,2,3.507974
432,seed_505,WITHIN_HISTORY,H_ALPHA,1,H_ALPHA,2,0.054305
432,seed_505,BETWEEN_HISTORY,H_ALPHA,1,H_BETA,0,2.466711
432,seed_505,BETWEEN_HISTORY,H_ALPHA,1,H_BETA,1,2.371219
432,seed_505,BETWEEN_HISTORY,H_ALPHA,1,H_BETA,2,2.434364
432,seed_505,BETWEEN_HISTORY,H_ALPHA,1,H_GAMMA,0,3.274279
432,seed_505,BETWEEN_HISTORY,H_ALPHA,1,H_GAMMA,1,3.241896
432,seed_505,BETWEEN_HISTORY,H_ALPHA,1,H_GAMMA,2,3.333907
432,seed_505,BETWEEN_HISTORY,H_ALPHA,2,H_BETA,0,2.517764
432,seed_505,BETWEEN_HISTORY,H_ALPHA,2,H_BETA,1,2.42256
432,seed_505,BETWEEN_HISTORY,H_ALPHA,2,H_BETA,2,2.485916
432,seed_505,BETWEEN_HISTORY,H_ALPHA,2,H_GAMMA,0,3.315611
432,seed_505,BETWEEN_HISTORY,H_ALPHA,2,H_GAMMA,1,3.28357
432,seed_505,BETWEEN_HISTORY,H_ALPHA,2,H_GAMMA,2,3.375688
432,seed_505,WITHIN_HISTORY,H_BETA,0,H_BETA,1,0.131507
432,seed_505,WITHIN_HISTORY,H_BETA,0,H_BETA,2,0.16835
432,seed_505,BETWEEN_HISTORY,H_BETA,0,H_GAMMA,0,2.553383
432,seed_505,BETWEEN_HISTORY,H_BETA,0,H_GAMMA,1,2.479328
432,seed_505,BETWEEN_HISTORY,H_BETA,0,H_GAMMA,2,2.552261
432,seed_505,WITHIN_HISTORY,H_BETA,1,H_BETA,2,0.093169
432,seed_505,BETWEEN_HISTORY,H_BETA,1,H_GAMMA,0,2.558807
432,seed_505,BETWEEN_HISTORY,H_BETA,1,H_GAMMA,1,2.487135
432,seed_505,BETWEEN_HISTORY,H_BETA,1,H_GAMMA,2,2.561544
432,seed_505,BETWEEN_HISTORY,H_BETA,2,H_GAMMA,0,2.651969
432,seed_505,BETWEEN_HISTORY,H_BETA,2,H_GAMMA,1,2.580263
432,seed_505,BETWEEN_HISTORY,H_BETA,2,H_GAMMA,2,2.654637
432,seed_505,WITHIN_HISTORY,H_GAMMA,0,H_GAMMA,1,0.133468
432,seed_505,WITHIN_HISTORY,H_GAMMA,0,H_GAMMA,2,0.187868
432,seed_505,WITHIN_HISTORY,H_GAMMA,1,H_GAMMA,2,0.101153
480,seed_101,WITHIN_HISTORY,H_ALPHA,0,H_ALPHA,1,0.169384
480,seed_101,WITHIN_HISTORY,H_ALPHA,0,H_ALPHA,2,0.136646
480,seed_101,BETWEEN_HISTORY,H_ALPHA,0,H_BETA,0,3.591607
480,seed_101,BETWEEN_HISTORY,H_ALPHA,0,H_BETA,1,3.576663
480,seed_101,BETWEEN_HISTORY,H_ALPHA,0,H_BETA,2,3.527431
480,seed_101,BETWEEN_HISTORY,H_ALPHA,0,H_GAMMA,0,3.885337
480,seed_101,BETWEEN_HISTORY,H_ALPHA,0,H_GAMMA,1,4.166297
480,seed_101,BETWEEN_HISTORY,H_ALPHA,0,H_GAMMA,2,3.947314
480,seed_101,WITHIN_HISTORY,H_ALPHA,1,H_ALPHA,2,0.303967
480,seed_101,BETWEEN_HISTORY,H_ALPHA,1,H_BETA,0,3.436186
480,seed_101,BETWEEN_HISTORY,H_ALPHA,1,H_BETA,1,3.421517
480,seed_101,BETWEEN_HISTORY,H_ALPHA,1,H_BETA,2,3.372741
480,seed_101,BETWEEN_HISTORY,H_ALPHA,1,H_GAMMA,0,3.71751
480,seed_101,BETWEEN_HISTORY,H_ALPHA,1,H_GAMMA,1,3.998529
480,seed_101,BETWEEN_HISTORY,H_ALPHA,1,H_GAMMA,2,3.779494
480,seed_101,BETWEEN_HISTORY,H_ALPHA,2,H_BETA,0,3.706439
480,seed_101,BETWEEN_HISTORY,H_ALPHA,2,H_BETA,1,3.691232
480,seed_101,BETWEEN_HISTORY,H_ALPHA,2,H_BETA,2,3.641566
480,seed_101,BETWEEN_HISTORY,H_ALPHA,2,H_GAMMA,0,4.014331
480,seed_101,BETWEEN_HISTORY,H_ALPHA,2,H_GAMMA,1,4.295189
480,seed_101,BETWEEN_HISTORY,H_ALPHA,2,H_GAMMA,2,4.076295
480,seed_101,WITHIN_HISTORY,H_BETA,0,H_BETA,1,0.069139
480,seed_101,WITHIN_HISTORY,H_BETA,0,H_BETA,2,0.184818
480,seed_101,BETWEEN_HISTORY,H_BETA,0,H_GAMMA,0,3.392982
480,seed_101,BETWEEN_HISTORY,H_BETA,0,H_GAMMA,1,3.64598
480,seed_101,BETWEEN_HISTORY,H_BETA,0,H_GAMMA,2,3.449983
480,seed_101,WITHIN_HISTORY,H_BETA,1,H_BETA,2,0.117642
480,seed_101,BETWEEN_HISTORY,H_BETA,1,H_GAMMA,0,3.406824
480,seed_101,BETWEEN_HISTORY,H_BETA,1,H_GAMMA,1,3.660377
480,seed_101,BETWEEN_HISTORY,H_BETA,1,H_GAMMA,2,3.463937
480,seed_101,BETWEEN_HISTORY,H_BETA,2,H_GAMMA,0,3.406044
480,seed_101,BETWEEN_HISTORY,H_BETA,2,H_GAMMA,1,3.660545
480,seed_101,BETWEEN_HISTORY,H_BETA,2,H_GAMMA,2,3.463346
480,seed_101,WITHIN_HISTORY,H_GAMMA,0,H_GAMMA,1,0.288629
480,seed_101,WITHIN_HISTORY,H_GAMMA,0,H_GAMMA,2,0.062434
480,seed_101,WITHIN_HISTORY,H_GAMMA,1,H_GAMMA,2,0.226977
480,seed_202,WITHIN_HISTORY,H_ALPHA,0,H_ALPHA,1,0.130907
480,seed_202,WITHIN_HISTORY,H_ALPHA,0,H_ALPHA,2,0.27782
480,seed_202,BETWEEN_HISTORY,H_ALPHA,0,H_BETA,0,3.370941
480,seed_202,BETWEEN_HISTORY,H_ALPHA,0,H_BETA,1,3.445344
480,seed_202,BETWEEN_HISTORY,H_ALPHA,0,H_BETA,2,3.485746
480,seed_202,BETWEEN_HISTORY,H_ALPHA,0,H_GAMMA,0,4.020827
480,seed_202,BETWEEN_HISTORY,H_ALPHA,0,H_GAMMA,1,3.974379
480,seed_202,BETWEEN_HISTORY,H_ALPHA,0,H_GAMMA,2,3.980051
480,seed_202,WITHIN_HISTORY,H_ALPHA,1,H_ALPHA,2,0.239998
480,seed_202,BETWEEN_HISTORY,H_ALPHA,1,H_BETA,0,3.293394
480,seed_202,BETWEEN_HISTORY,H_ALPHA,1,H_BETA,1,3.367461
480,seed_202,BETWEEN_HISTORY,H_ALPHA,1,H_BETA,2,3.406452
480,seed_202,BETWEEN_HISTORY,H_ALPHA,1,H_GAMMA,0,3.974899
480,seed_202,BETWEEN_HISTORY,H_ALPHA,1,H_GAMMA,1,3.927914
480,seed_202,BETWEEN_HISTORY,H_ALPHA,1,H_GAMMA,2,3.933503
480,seed_202,BETWEEN_HISTORY,H_ALPHA,2,H_BETA,0,3.497907
480,seed_202,BETWEEN_HISTORY,H_ALPHA,2,H_BETA,1,3.571591
480,seed_202,BETWEEN_HISTORY,H_ALPHA,2,H_BETA,2,3.608961
480,seed_202,BETWEEN_HISTORY,H_ALPHA,2,H_GAMMA,0,4.204516
480,seed_202,BETWEEN_HISTORY,H_ALPHA,2,H_GAMMA,1,4.157249
480,seed_202,BETWEEN_HISTORY,H_ALPHA,2,H_GAMMA,2,4.162794
480,seed_202,WITHIN_HISTORY,H_BETA,0,H_BETA,1,0.087482
480,seed_202,WITHIN_HISTORY,H_BETA,0,H_BETA,2,0.270724
480,seed_202,BETWEEN_HISTORY,H_BETA,0,H_GAMMA,0,3.437232
480,seed_202,BETWEEN_HISTORY,H_BETA,0,H_GAMMA,1,3.36268
480,seed_202,BETWEEN_HISTORY,H_BETA,0,H_GAMMA,2,3.363557
480,seed_202,WITHIN_HISTORY,H_BETA,1,H_BETA,2,0.21017
480,seed_202,BETWEEN_HISTORY,H_BETA,1,H_GAMMA,0,3.52443
480,seed_202,BETWEEN_HISTORY,H_BETA,1,H_GAMMA,1,3.449921
480,seed_202,BETWEEN_HISTORY,H_BETA,1,H_GAMMA,2,3.450806
480,seed_202,BETWEEN_HISTORY,H_BETA,2,H_GAMMA,0,3.648185
480,seed_202,BETWEEN_HISTORY,H_BETA,2,H_GAMMA,1,3.574666
480,seed_202,BETWEEN_HISTORY,H_BETA,2,H_GAMMA,2,3.575738
480,seed_202,WITHIN_HISTORY,H_GAMMA,0,H_GAMMA,1,0.125387
480,seed_202,WITHIN_HISTORY,H_GAMMA,0,H_GAMMA,2,0.140798
480,seed_202,WITHIN_HISTORY,H_GAMMA,1,H_GAMMA,2,0.018478
480,seed_303,WITHIN_HISTORY,H_ALPHA,0,H_ALPHA,1,0.034685
480,seed_303,WITHIN_HISTORY,H_ALPHA,0,H_ALPHA,2,0.107081
480,seed_303,BETWEEN_HISTORY,H_ALPHA,0,H_BETA,0,3.511188
480,seed_303,BETWEEN_HISTORY,H_ALPHA,0,H_BETA,1,3.494795
480,seed_303,BETWEEN_HISTORY,H_ALPHA,0,H_BETA,2,3.507316
480,seed_303,BETWEEN_HISTORY,H_ALPHA,0,H_GAMMA,0,4.200631
480,seed_303,BETWEEN_HISTORY,H_ALPHA,0,H_GAMMA,1,3.918239
480,seed_303,BETWEEN_HISTORY,H_ALPHA,0,H_GAMMA,2,4.122714
480,seed_303,WITHIN_HISTORY,H_ALPHA,1,H_ALPHA,2,0.119138
480,seed_303,BETWEEN_HISTORY,H_ALPHA,1,H_BETA,0,3.529857
480,seed_303,BETWEEN_HISTORY,H_ALPHA,1,H_BETA,1,3.513271
480,seed_303,BETWEEN_HISTORY,H_ALPHA,1,H_BETA,2,3.525534
480,seed_303,BETWEEN_HISTORY,H_ALPHA,1,H_GAMMA,0,4.225767
480,seed_303,BETWEEN_HISTORY,H_ALPHA,1,H_GAMMA,1,3.943494
480,seed_303,BETWEEN_HISTORY,H_ALPHA,1,H_GAMMA,2,4.14786
480,seed_303,BETWEEN_HISTORY,H_ALPHA,2,H_BETA,0,3.411225
480,seed_303,BETWEEN_HISTORY,H_ALPHA,2,H_BETA,1,3.394564
480,seed_303,BETWEEN_HISTORY,H_ALPHA,2,H_BETA,2,3.406739
480,seed_303,BETWEEN_HISTORY,H_ALPHA,2,H_GAMMA,0,4.113702
480,seed_303,BETWEEN_HISTORY,H_ALPHA,2,H_GAMMA,1,3.831642
480,seed_303,BETWEEN_HISTORY,H_ALPHA,2,H_GAMMA,2,4.035814
480,seed_303,WITHIN_HISTORY,H_BETA,0,H_BETA,1,0.112005
480,seed_303,WITHIN_HISTORY,H_BETA,0,H_BETA,2,0.25816
480,seed_303,BETWEEN_HISTORY,H_BETA,0,H_GAMMA,0,3.577129
480,seed_303,BETWEEN_HISTORY,H_BETA,0,H_GAMMA,1,3.342213
480,seed_303,BETWEEN_HISTORY,H_BETA,0,H_GAMMA,2,3.504802
480,seed_303,WITHIN_HISTORY,H_BETA,1,H_BETA,2,0.146495
480,seed_303,BETWEEN_HISTORY,H_BETA,1,H_GAMMA,0,3.612438
480,seed_303,BETWEEN_HISTORY,H_BETA,1,H_GAMMA,1,3.376109
480,seed_303,BETWEEN_HISTORY,H_BETA,1,H_GAMMA,2,3.539916
480,seed_303,BETWEEN_HISTORY,H_BETA,2,H_GAMMA,0,3.687853
480,seed_303,BETWEEN_HISTORY,H_BETA,2,H_GAMMA,1,3.449951
480,seed_303,BETWEEN_HISTORY,H_BETA,2,H_GAMMA,2,3.615116
480,seed_303,WITHIN_HISTORY,H_GAMMA,0,H_GAMMA,1,0.31765
480,seed_303,WITHIN_HISTORY,H_GAMMA,0,H_GAMMA,2,0.079238
480,seed_303,WITHIN_HISTORY,H_GAMMA,1,H_GAMMA,2,0.24118
480,seed_404,WITHIN_HISTORY,H_ALPHA,0,H_ALPHA,1,0.26038
480,seed_404,WITHIN_HISTORY,H_ALPHA,0,H_ALPHA,2,0.175053
480,seed_404,BETWEEN_HISTORY,H_ALPHA,0,H_BETA,0,3.563681
480,seed_404,BETWEEN_HISTORY,H_ALPHA,0,H_BETA,1,3.641284
480,seed_404,BETWEEN_HISTORY,H_ALPHA,0,H_BETA,2,3.565209
480,seed_404,BETWEEN_HISTORY,H_ALPHA,0,H_GAMMA,0,4.034063
480,seed_404,BETWEEN_HISTORY,H_ALPHA,0,H_GAMMA,1,4.053073
480,seed_404,BETWEEN_HISTORY,H_ALPHA,0,H_GAMMA,2,4.01386
480,seed_404,WITHIN_HISTORY,H_ALPHA,1,H_ALPHA,2,0.322124
480,seed_404,BETWEEN_HISTORY,H_ALPHA,1,H_BETA,0,3.563702
480,seed_404,BETWEEN_HISTORY,H_ALPHA,1,H_BETA,1,3.64135
480,seed_404,BETWEEN_HISTORY,H_ALPHA,1,H_BETA,2,3.562889
480,seed_404,BETWEEN_HISTORY,H_ALPHA,1,H_GAMMA,0,4.097403
480,seed_404,BETWEEN_HISTORY,H_ALPHA,1,H_GAMMA,1,4.115892
480,seed_404,BETWEEN_HISTORY,H_ALPHA,1,H_GAMMA,2,4.077973
480,seed_404,BETWEEN_HISTORY,H_ALPHA,2,H_BETA,0,3.392042
480,seed_404,BETWEEN_HISTORY,H_ALPHA,2,H_BETA,1,3.469636
480,seed_404,BETWEEN_HISTORY,H_ALPHA,2,H_BETA,2,3.393915
480,seed_404,BETWEEN_HISTORY,H_ALPHA,2,H_GAMMA,0,3.859497
480,seed_404,BETWEEN_HISTORY,H_ALPHA,2,H_GAMMA,1,3.878477
480,seed_404,BETWEEN_HISTORY,H_ALPHA,2,H_GAMMA,2,3.83934
480,seed_404,WITHIN_HISTORY,H_BETA,0,H_BETA,1,0.07769
480,seed_404,WITHIN_HISTORY,H_BETA,0,H_BETA,2,0.158002
480,seed_404,BETWEEN_HISTORY,H_BETA,0,H_GAMMA,0,3.493673
480,seed_404,BETWEEN_HISTORY,H_BETA,0,H_GAMMA,1,3.496136
480,seed_404,BETWEEN_HISTORY,H_BETA,0,H_GAMMA,2,3.497556
480,seed_404,WITHIN_HISTORY,H_BETA,1,H_BETA,2,0.184272
480,seed_404,BETWEEN_HISTORY,H_BETA,1,H_GAMMA,0,3.562984
480,seed_404,BETWEEN_HISTORY,H_BETA,1,H_GAMMA,1,3.565316
480,seed_404,BETWEEN_HISTORY,H_BETA,1,H_GAMMA,2,3.567052
480,seed_404,BETWEEN_HISTORY,H_BETA,2,H_GAMMA,0,3.560926
480,seed_404,BETWEEN_HISTORY,H_BETA,2,H_GAMMA,1,3.56392
480,seed_404,BETWEEN_HISTORY,H_BETA,2,H_GAMMA,2,3.564049
480,seed_404,WITHIN_HISTORY,H_GAMMA,0,H_GAMMA,1,0.063304
480,seed_404,WITHIN_HISTORY,H_GAMMA,0,H_GAMMA,2,0.090261
480,seed_404,WITHIN_HISTORY,H_GAMMA,1,H_GAMMA,2,0.153565
480,seed_505,WITHIN_HISTORY,H_ALPHA,0,H_ALPHA,1,0.09447
480,seed_505,WITHIN_HISTORY,H_ALPHA,0,H_ALPHA,2,0.063061
480,seed_505,BETWEEN_HISTORY,H_ALPHA,0,H_BETA,0,3.544196
480,seed_505,BETWEEN_HISTORY,H_ALPHA,0,H_BETA,1,3.500974
480,seed_505,BETWEEN_HISTORY,H_ALPHA,0,H_BETA,2,3.560453
480,seed_505,BETWEEN_HISTORY,H_ALPHA,0,H_GAMMA,0,4.027637
480,seed_505,BETWEEN_HISTORY,H_ALPHA,0,H_GAMMA,1,4.013148
480,seed_505,BETWEEN_HISTORY,H_ALPHA,0,H_GAMMA,2,4.030642
480,seed_505,WITHIN_HISTORY,H_ALPHA,1,H_ALPHA,2,0.150841
480,seed_505,BETWEEN_HISTORY,H_ALPHA,1,H_BETA,0,3.458994
480,seed_505,BETWEEN_HISTORY,H_ALPHA,1,H_BETA,1,3.415592
480,seed_505,BETWEEN_HISTORY,H_ALPHA,1,H_BETA,2,3.475321
480,seed_505,BETWEEN_HISTORY,H_ALPHA,1,H_GAMMA,0,3.934429
480,seed_505,BETWEEN_HISTORY,H_ALPHA,1,H_GAMMA,1,3.919897
480,seed_505,BETWEEN_HISTORY,H_ALPHA,1,H_GAMMA,2,3.937452
480,seed_505,BETWEEN_HISTORY,H_ALPHA,2,H_BETA,0,3.578394
480,seed_505,BETWEEN_HISTORY,H_ALPHA,2,H_BETA,1,3.535394
480,seed_505,BETWEEN_HISTORY,H_ALPHA,2,H_BETA,2,3.594564
480,seed_505,BETWEEN_HISTORY,H_ALPHA,2,H_GAMMA,0,4.074514
480,seed_505,BETWEEN_HISTORY,H_ALPHA,2,H_GAMMA,1,4.060138
480,seed_505,BETWEEN_HISTORY,H_ALPHA,2,H_GAMMA,2,4.077476
480,seed_505,WITHIN_HISTORY,H_BETA,0,H_BETA,1,0.083956
480,seed_505,WITHIN_HISTORY,H_BETA,0,H_BETA,2,0.033202
480,seed_505,BETWEEN_HISTORY,H_BETA,0,H_GAMMA,0,3.622964
480,seed_505,BETWEEN_HISTORY,H_BETA,0,H_GAMMA,1,3.62781
480,seed_505,BETWEEN_HISTORY,H_BETA,0,H_GAMMA,2,3.618575
480,seed_505,WITHIN_HISTORY,H_BETA,1,H_BETA,2,0.117083
480,seed_505,BETWEEN_HISTORY,H_BETA,1,H_GAMMA,0,3.553954
480,seed_505,BETWEEN_HISTORY,H_BETA,1,H_GAMMA,1,3.559006
480,seed_505,BETWEEN_HISTORY,H_BETA,1,H_GAMMA,2,3.549487
480,seed_505,BETWEEN_HISTORY,H_BETA,2,H_GAMMA,0,3.649364
480,seed_505,BETWEEN_HISTORY,H_BETA,2,H_GAMMA,1,3.654128
480,seed_505,BETWEEN_HISTORY,H_BETA,2,H_GAMMA,2,3.645006
480,seed_505,WITHIN_HISTORY,H_GAMMA,0,H_GAMMA,1,0.077675
480,seed_505,WITHIN_HISTORY,H_GAMMA,0,H_GAMMA,2,0.029727
480,seed_505,WITHIN_HISTORY,H_GAMMA,1,H_GAMMA,2,0.107194
512,seed_101,WITHIN_HISTORY,H_ALPHA,0,H_ALPHA,1,0.11532
512,seed_101,WITHIN_HISTORY,H_ALPHA,0,H_ALPHA,2,0.23707
512,seed_101,BETWEEN_HISTORY,H_ALPHA,0,H_BETA,0,3.915218
512,seed_101,BETWEEN_HISTORY,H_ALPHA,0,H_BETA,1,4.140279
512,seed_101,BETWEEN_HISTORY,H_ALPHA,0,H_BETA,2,3.880679
512,seed_101,BETWEEN_HISTORY,H_ALPHA,0,H_GAMMA,0,3.99141
512,seed_101,BETWEEN_HISTORY,H_ALPHA,0,H_GAMMA,1,3.962197
512,seed_101,BETWEEN_HISTORY,H_ALPHA,0,H_GAMMA,2,4.069753
512,seed_101,WITHIN_HISTORY,H_ALPHA,1,H_ALPHA,2,0.223088
512,seed_101,BETWEEN_HISTORY,H_ALPHA,1,H_BETA,0,4.019056
512,seed_101,BETWEEN_HISTORY,H_ALPHA,1,H_BETA,1,4.244144
512,seed_101,BETWEEN_HISTORY,H_ALPHA,1,H_BETA,2,3.984743
512,seed_101,BETWEEN_HISTORY,H_ALPHA,1,H_GAMMA,0,4.078534
512,seed_101,BETWEEN_HISTORY,H_ALPHA,1,H_GAMMA,1,4.049332
512,seed_101,BETWEEN_HISTORY,H_ALPHA,1,H_GAMMA,2,4.15652
512,seed_101,BETWEEN_HISTORY,H_ALPHA,2,H_BETA,0,4.10404
512,seed_101,BETWEEN_HISTORY,H_ALPHA,2,H_BETA,1,4.329023
512,seed_101,BETWEEN_HISTORY,H_ALPHA,2,H_BETA,2,4.068877
512,seed_101,BETWEEN_HISTORY,H_ALPHA,2,H_GAMMA,0,4.209933
512,seed_101,BETWEEN_HISTORY,H_ALPHA,2,H_GAMMA,1,4.180707
512,seed_101,BETWEEN_HISTORY,H_ALPHA,2,H_GAMMA,2,4.28868
512,seed_101,WITHIN_HISTORY,H_BETA,0,H_BETA,1,0.225637
512,seed_101,WITHIN_HISTORY,H_BETA,0,H_BETA,2,0.122236
512,seed_101,BETWEEN_HISTORY,H_BETA,0,H_GAMMA,0,3.984183
512,seed_101,BETWEEN_HISTORY,H_BETA,0,H_GAMMA,1,3.954928
512,seed_101,BETWEEN_HISTORY,H_BETA,0,H_GAMMA,2,4.093883
512,seed_101,WITHIN_HISTORY,H_BETA,1,H_BETA,2,0.283815
512,seed_101,BETWEEN_HISTORY,H_BETA,1,H_GAMMA,0,4.206211
512,seed_101,BETWEEN_HISTORY,H_BETA,1,H_GAMMA,1,4.176961
512,seed_101,BETWEEN_HISTORY,H_BETA,1,H_GAMMA,2,4.316056
512,seed_101,BETWEEN_HISTORY,H_BETA,2,H_GAMMA,0,3.983617
512,seed_101,BETWEEN_HISTORY,H_BETA,2,H_GAMMA,1,3.954345
512,seed_101,BETWEEN_HISTORY,H_BETA,2,H_GAMMA,2,4.09282
512,seed_101,WITHIN_HISTORY,H_GAMMA,0,H_GAMMA,1,0.029487
512,seed_101,WITHIN_HISTORY,H_GAMMA,0,H_GAMMA,2,0.158824
512,seed_101,WITHIN_HISTORY,H_GAMMA,1,H_GAMMA,2,0.176745
512,seed_202,WITHIN_HISTORY,H_ALPHA,0,H_ALPHA,1,0.27342
512,seed_202,WITHIN_HISTORY,H_ALPHA,0,H_ALPHA,2,0.318817
512,seed_202,BETWEEN_HISTORY,H_ALPHA,0,H_BETA,0,4.322293
512,seed_202,BETWEEN_HISTORY,H_ALPHA,0,H_BETA,1,4.420444
512,seed_202,BETWEEN_HISTORY,H_ALPHA,0,H_BETA,2,4.340245
512,seed_202,BETWEEN_HISTORY,H_ALPHA,0,H_GAMMA,0,4.413853
512,seed_202,BETWEEN_HISTORY,H_ALPHA,0,H_GAMMA,1,4.317573
512,seed_202,BETWEEN_HISTORY,H_ALPHA,0,H_GAMMA,2,4.37872
512,seed_202,WITHIN_HISTORY,H_ALPHA,1,H_ALPHA,2,0.185754
512,seed_202,BETWEEN_HISTORY,H_ALPHA,1,H_BETA,0,4.048943
512,seed_202,BETWEEN_HISTORY,H_ALPHA,1,H_BETA,1,4.147108
512,seed_202,BETWEEN_HISTORY,H_ALPHA,1,H_BETA,2,4.066928
512,seed_202,BETWEEN_HISTORY,H_ALPHA,1,H_GAMMA,0,4.149625
512,seed_202,BETWEEN_HISTORY,H_ALPHA,1,H_GAMMA,1,4.052983
512,seed_202,BETWEEN_HISTORY,H_ALPHA,1,H_GAMMA,2,4.114141
512,seed_202,BETWEEN_HISTORY,H_ALPHA,2,H_BETA,0,4.085927
512,seed_202,BETWEEN_HISTORY,H_ALPHA,2,H_BETA,1,4.18453
512,seed_202,BETWEEN_HISTORY,H_ALPHA,2,H_BETA,2,4.104912
512,seed_202,BETWEEN_HISTORY,H_ALPHA,2,H_GAMMA,0,4.232573
512,seed_202,BETWEEN_HISTORY,H_ALPHA,2,H_GAMMA,1,4.13499
512,seed_202,BETWEEN_HISTORY,H_ALPHA,2,H_GAMMA,2,4.196175
512,seed_202,WITHIN_HISTORY,H_BETA,0,H_BETA,1,0.122904
512,seed_202,WITHIN_HISTORY,H_BETA,0,H_BETA,2,0.162615
512,seed_202,BETWEEN_HISTORY,H_BETA,0,H_GAMMA,0,4.217472
512,seed_202,BETWEEN_HISTORY,H_BETA,0,H_GAMMA,1,4.08117
512,seed_202,BETWEEN_HISTORY,H_BETA,0,H_GAMMA,2,4.141733
512,seed_202,WITHIN_HISTORY,H_BETA,1,H_BETA,2,0.124433
512,seed_202,BETWEEN_HISTORY,H_BETA,1,H_GAMMA,0,4.29512
512,seed_202,BETWEEN_HISTORY,H_BETA,1,H_GAMMA,1,4.158384
512,seed_202,BETWEEN_HISTORY,H_BETA,1,H_GAMMA,2,4.218917
512,seed_202,BETWEEN_HISTORY,H_BETA,2,H_GAMMA,0,4.1945
512,seed_202,BETWEEN_HISTORY,H_BETA,2,H_GAMMA,1,4.05743
512,seed_202,BETWEEN_HISTORY,H_BETA,2,H_GAMMA,2,4.117939
512,seed_202,WITHIN_HISTORY,H_GAMMA,0,H_GAMMA,1,0.202084
512,seed_202,WITHIN_HISTORY,H_GAMMA,0,H_GAMMA,2,0.181173
512,seed_202,WITHIN_HISTORY,H_GAMMA,1,H_GAMMA,2,0.061379
512,seed_303,WITHIN_HISTORY,H_ALPHA,0,H_ALPHA,1,0.11566
512,seed_303,WITHIN_HISTORY,H_ALPHA,0,H_ALPHA,2,0.043023
512,seed_303,BETWEEN_HISTORY,H_ALPHA,0,H_BETA,0,3.963583
512,seed_303,BETWEEN_HISTORY,H_ALPHA,0,H_BETA,1,4.130298
512,seed_303,BETWEEN_HISTORY,H_ALPHA,0,H_BETA,2,4.136399
512,seed_303,BETWEEN_HISTORY,H_ALPHA,0,H_GAMMA,0,4.019837
512,seed_303,BETWEEN_HISTORY,H_ALPHA,0,H_GAMMA,1,4.032662
512,seed_303,BETWEEN_HISTORY,H_ALPHA,0,H_GAMMA,2,4.17353
512,seed_303,WITHIN_HISTORY,H_ALPHA,1,H_ALPHA,2,0.123641
512,seed_303,BETWEEN_HISTORY,H_ALPHA,1,H_BETA,0,3.922039
512,seed_303,BETWEEN_HISTORY,H_ALPHA,1,H_BETA,1,4.088675
512,seed_303,BETWEEN_HISTORY,H_ALPHA,1,H_BETA,2,4.09418
512,seed_303,BETWEEN_HISTORY,H_ALPHA,1,H_GAMMA,0,4.006519
512,seed_303,BETWEEN_HISTORY,H_ALPHA,1,H_GAMMA,1,4.020545
512,seed_303,BETWEEN_HISTORY,H_ALPHA,1,H_GAMMA,2,4.16073
512,seed_303,BETWEEN_HISTORY,H_ALPHA,2,H_BETA,0,3.924572
512,seed_303,BETWEEN_HISTORY,H_ALPHA,2,H_BETA,1,4.091301
512,seed_303,BETWEEN_HISTORY,H_ALPHA,2,H_BETA,2,4.097502
512,seed_303,BETWEEN_HISTORY,H_ALPHA,2,H_GAMMA,0,3.977523
512,seed_303,BETWEEN_HISTORY,H_ALPHA,2,H_GAMMA,1,3.990268
512,seed_303,BETWEEN_HISTORY,H_ALPHA,2,H_GAMMA,2,4.13118
512,seed_303,WITHIN_HISTORY,H_BETA,0,H_BETA,1,0.167946
512,seed_303,WITHIN_HISTORY,H_BETA,0,H_BETA,2,0.245892
512,seed_303,BETWEEN_HISTORY,H_BETA,0,H_GAMMA,0,3.848914
512,seed_303,BETWEEN_HISTORY,H_BETA,0,H_GAMMA,1,3.939459
512,seed_303,BETWEEN_HISTORY,H_BETA,0,H_GAMMA,2,4.031834
512,seed_303,WITHIN_HISTORY,H_BETA,1,H_BETA,2,0.168585
512,seed_303,BETWEEN_HISTORY,H_BETA,1,H_GAMMA,0,4.014931
512,seed_303,BETWEEN_HISTORY,H_BETA,1,H_GAMMA,1,4.10573
512,seed_303,BETWEEN_HISTORY,H_BETA,1,H_GAMMA,2,4.197933
512,seed_303,BETWEEN_HISTORY,H_BETA,2,H_GAMMA,0,4.062091
512,seed_303,BETWEEN_HISTORY,H_BETA,2,H_GAMMA,1,4.151376
512,seed_303,BETWEEN_HISTORY,H_BETA,2,H_GAMMA,2,4.244614
512,seed_303,WITHIN_HISTORY,H_GAMMA,0,H_GAMMA,1,0.29011
512,seed_303,WITHIN_HISTORY,H_GAMMA,0,H_GAMMA,2,0.204358
512,seed_303,WITHIN_HISTORY,H_GAMMA,1,H_GAMMA,2,0.226714
512,seed_404,WITHIN_HISTORY,H_ALPHA,0,H_ALPHA,1,0.147964
512,seed_404,WITHIN_HISTORY,H_ALPHA,0,H_ALPHA,2,0.011499
512,seed_404,BETWEEN_HISTORY,H_ALPHA,0,H_BETA,0,4.27905
512,seed_404,BETWEEN_HISTORY,H_ALPHA,0,H_BETA,1,4.078256
512,seed_404,BETWEEN_HISTORY,H_ALPHA,0,H_BETA,2,4.127151
512,seed_404,BETWEEN_HISTORY,H_ALPHA,0,H_GAMMA,0,3.923285
512,seed_404,BETWEEN_HISTORY,H_ALPHA,0,H_GAMMA,1,4.088862
512,seed_404,BETWEEN_HISTORY,H_ALPHA,0,H_GAMMA,2,4.066518
512,seed_404,WITHIN_HISTORY,H_ALPHA,1,H_ALPHA,2,0.159192
512,seed_404,BETWEEN_HISTORY,H_ALPHA,1,H_BETA,0,4.408926
512,seed_404,BETWEEN_HISTORY,H_ALPHA,1,H_BETA,1,4.20876
512,seed_404,BETWEEN_HISTORY,H_ALPHA,1,H_BETA,2,4.256907
512,seed_404,BETWEEN_HISTORY,H_ALPHA,1,H_GAMMA,0,4.033002
512,seed_404,BETWEEN_HISTORY,H_ALPHA,1,H_GAMMA,1,4.199279
512,seed_404,BETWEEN_HISTORY,H_ALPHA,1,H_GAMMA,2,4.175833
512,seed_404,BETWEEN_HISTORY,H_ALPHA,2,H_BETA,0,4.268105
512,seed_404,BETWEEN_HISTORY,H_ALPHA,2,H_BETA,1,4.067278
512,seed_404,BETWEEN_HISTORY,H_ALPHA,2,H_BETA,2,4.116213
512,seed_404,BETWEEN_HISTORY,H_ALPHA,2,H_GAMMA,0,3.913562
512,seed_404,BETWEEN_HISTORY,H_ALPHA,2,H_GAMMA,1,4.079092
512,seed_404,BETWEEN_HISTORY,H_ALPHA,2,H_GAMMA,2,4.056821
512,seed_404,WITHIN_HISTORY,H_BETA,0,H_BETA,1,0.367889
512,seed_404,WITHIN_HISTORY,H_BETA,0,H_BETA,2,0.163538
512,seed_404,BETWEEN_HISTORY,H_BETA,0,H_GAMMA,0,4.075089
512,seed_404,BETWEEN_HISTORY,H_BETA,0,H_GAMMA,1,4.175332
512,seed_404,BETWEEN_HISTORY,H_BETA,0,H_GAMMA,2,4.245028
512,seed_404,WITHIN_HISTORY,H_BETA,1,H_BETA,2,0.344478
512,seed_404,BETWEEN_HISTORY,H_BETA,1,H_GAMMA,0,3.951269
512,seed_404,BETWEEN_HISTORY,H_BETA,1,H_GAMMA,1,4.054436
512,seed_404,BETWEEN_HISTORY,H_BETA,1,H_GAMMA,2,4.12038
512,seed_404,BETWEEN_HISTORY,H_BETA,2,H_GAMMA,0,3.91332
512,seed_404,BETWEEN_HISTORY,H_BETA,2,H_GAMMA,1,4.013363
512,seed_404,BETWEEN_HISTORY,H_BETA,2,H_GAMMA,2,4.083317
512,seed_404,WITHIN_HISTORY,H_GAMMA,0,H_GAMMA,1,0.263306
512,seed_404,WITHIN_HISTORY,H_GAMMA,0,H_GAMMA,2,0.183911
512,seed_404,WITHIN_HISTORY,H_GAMMA,1,H_GAMMA,2,0.345433
512,seed_505,WITHIN_HISTORY,H_ALPHA,0,H_ALPHA,1,0.10187
512,seed_505,WITHIN_HISTORY,H_ALPHA,0,H_ALPHA,2,0.115611
512,seed_505,BETWEEN_HISTORY,H_ALPHA,0,H_BETA,0,4.115318
512,seed_505,BETWEEN_HISTORY,H_ALPHA,0,H_BETA,1,4.145998
512,seed_505,BETWEEN_HISTORY,H_ALPHA,0,H_BETA,2,4.131567
512,seed_505,BETWEEN_HISTORY,H_ALPHA,0,H_GAMMA,0,4.354199
512,seed_505,BETWEEN_HISTORY,H_ALPHA,0,H_GAMMA,1,4.196174
512,seed_505,BETWEEN_HISTORY,H_ALPHA,0,H_GAMMA,2,4.125764
512,seed_505,WITHIN_HISTORY,H_ALPHA,1,H_ALPHA,2,0.020403
512,seed_505,BETWEEN_HISTORY,H_ALPHA,1,H_BETA,0,4.020173
512,seed_505,BETWEEN_HISTORY,H_ALPHA,1,H_BETA,1,4.050892
512,seed_505,BETWEEN_HISTORY,H_ALPHA,1,H_BETA,2,4.036586
512,seed_505,BETWEEN_HISTORY,H_ALPHA,1,H_GAMMA,0,4.253012
512,seed_505,BETWEEN_HISTORY,H_ALPHA,1,H_GAMMA,1,4.094954
512,seed_505,BETWEEN_HISTORY,H_ALPHA,1,H_GAMMA,2,4.024553
512,seed_505,BETWEEN_HISTORY,H_ALPHA,2,H_BETA,0,4.002521
512,seed_505,BETWEEN_HISTORY,H_ALPHA,2,H_BETA,1,4.033228
512,seed_505,BETWEEN_HISTORY,H_ALPHA,2,H_BETA,2,4.018886
512,seed_505,BETWEEN_HISTORY,H_ALPHA,2,H_GAMMA,0,4.238642
512,seed_505,BETWEEN_HISTORY,H_ALPHA,2,H_GAMMA,1,4.080627
512,seed_505,BETWEEN_HISTORY,H_ALPHA,2,H_GAMMA,2,4.010215
512,seed_505,WITHIN_HISTORY,H_BETA,0,H_BETA,1,0.043626
512,seed_505,WITHIN_HISTORY,H_BETA,0,H_BETA,2,0.132317
512,seed_505,BETWEEN_HISTORY,H_BETA,0,H_GAMMA,0,4.231558
512,seed_505,BETWEEN_HISTORY,H_BETA,0,H_GAMMA,1,4.099025
512,seed_505,BETWEEN_HISTORY,H_BETA,0,H_GAMMA,2,4.025661
512,seed_505,WITHIN_HISTORY,H_BETA,1,H_BETA,2,0.103142
512,seed_505,BETWEEN_HISTORY,H_BETA,1,H_GAMMA,0,4.269278
512,seed_505,BETWEEN_HISTORY,H_BETA,1,H_GAMMA,1,4.13666
512,seed_505,BETWEEN_HISTORY,H_BETA,1,H_GAMMA,2,4.063297
512,seed_505,BETWEEN_HISTORY,H_BETA,2,H_GAMMA,0,4.281605
512,seed_505,BETWEEN_HISTORY,H_BETA,2,H_GAMMA,1,4.148595
512,seed_505,BETWEEN_HISTORY,H_BETA,2,H_GAMMA,2,4.075242
512,seed_505,WITHIN_HISTORY,H_GAMMA,0,H_GAMMA,1,0.184417
512,seed_505,WITHIN_HISTORY,H_GAMMA,0,H_GAMMA,2,0.238689
512,seed_505,WITHIN_HISTORY,H_GAMMA,1,H_GAMMA,2,0.073406