depth,seed_id,history_id,replicate_id,poincare_u,poincare_v,pfm_head_digest,current_zone,strain_frobenius,governor_anti_lock
128,seed_101,H_ALPHA,0,0.14133045,0.00000000,ea1c0695bdf3258f82b32ba975756e710ee8e9eb3e351bff02e4404b7453a0cf,0,2.685659,99.40
128,seed_101,H_ALPHA,1,0.14138469,0.00000000,a999740e04637af0cf2785ed65164742be3ca7101ae5a8052cf0b84e5e00afbd,0,2.649925,99.40
128,seed_101,H_ALPHA,2,0.14105114,0.00000000,a9c5eb0afd862a0172fab656a5e7948d21069d8e9bcf027f255cf6fe68ed31a2,0,2.670950,99.40
128,seed_101,H_BETA,0,0.14096687,0.00000000,e3143e95d4d30c36510b15182461e4f75268c5fbf83329314ae90812986a4ee0,0,2.777404,99.40
128,seed_101,H_BETA,1,0.14093495,0.00000000,98550daa2dbf5e531fd2913167953f463f164b3ca1f6a49fe7c284134732df5f,0,2.700050,99.40
128,seed_101,H_BETA,2,0.14095130,0.00000000,3a7436e08157193415e012cf924a16565b8d4c9242348006bf2956c0f3625a30,0,2.731878,99.40
128,seed_101,H_GAMMA,0,0.14096687,0.00000000,3afb54353e265b8df2159e720a304609d8cd4ed742f93a2833abb7eec8f3bfaa,0,3.068450,99.40
128,seed_101,H_GAMMA,1,0.14093495,0.00000000,6a4c222b1a94a8ab251bb76db3b1ae9399f3cda748e18dd63d762a3b5599d1bd,0,2.979506,99.40
128,seed_101,H_GAMMA,2,0.14095130,0.00000000,6eae2529c0841f2bac439a0eb37a9c68cbd183ef238989fcc26bd4ffd6e52a95,0,3.020274,99.40
128,seed_202,H_ALPHA,0,0.14153175,0.00000000,e97d186185df8dd98fb097ab8bc4e57d6ea64bbbbaf359470cd5e75bde63779d,0,2.713696,99.40
128,seed_202,H_ALPHA,1,0.14141888,0.00000000,0b1b1cd97bd76180c881053c9fdd1ad9321e2771dc10bf97546efbc884c8d59c,0,2.671260,99.40
128,seed_202,H_ALPHA,2,0.14153899,0.00000000,2392e6b40a1105ebc854b72c02c7d208152e79b0d5662d54929414dd79b8fc6f,0,2.707380,99.40
128,seed_202,H_BETA,0,0.14095107,0.00000000,4cf225d6e2447330f4853efcde74e9ee6625d96e71c5a0ceb56f8bfe101f1d08,0,2.745448,99.40
128,seed_202,H_BETA,1,0.14096274,0.00000000,4b535770c0c08ef9a9130e785004c53c987e4260cac4b704dc50142707244e59,0,2.757352,99.40
128,seed_202,H_BETA,2,0.14095159,0.00000000,aa47c8bbdcb31abbed32c4d0704de2c252e0defca60699e39d733fda6a6eac3b,0,2.738883,99.40
128,seed_202,H_GAMMA,0,0.14095107,0.00000000,89d881eec53bf13de9cfab4f860e51d742faaf198ec958426d8e73b5a8f14f40,0,3.034487,99.40
128,seed_202,H_GAMMA,1,0.14096274,0.00000000,4cd12e00a7e4a58571a917fd8d8b512356721397943adda1b021a67387204edf,0,3.057421,99.40
128,seed_202,H_GAMMA,2,0.14095159,0.00000000,5faadb7877e58aabde2ea62ca9009970751850ea25d5993c8a3f67428043b9b4,0,3.023693,99.40
128,seed_303,H_ALPHA,0,0.14176822,0.00000000,cc04055d398a1f0afd5524dfb11f0d95739e60dd181f0d44e5c46751dd833b72,0,2.680325,99.40
128,seed_303,H_ALPHA,1,0.14175621,0.00000000,96eb001e6a13419590ef5e06936a2c46d213ab639fd357ca9ca27e3a6ac56451,0,2.704613,99.40
128,seed_303,H_ALPHA,2,0.14203441,0.00000000,62dca916b03b1eaf4a98d42bfdbc11144422662af7c59cb9aa79e89d387732f8,0,2.808485,99.40
128,seed_303,H_BETA,0,0.14096050,0.00000000,102c3ffdbfda4c2c09085fb24c75eb493fba20fb7f474a8b342494fb82f922d2,0,2.756529,99.40
128,seed_303,H_BETA,1,0.14097352,0.00000000,d93fbb7c58fc102b99357ab219092ad8af1b525a1637b51ed52d3d728d304935,0,2.792383,99.40
128,seed_303,H_BETA,2,0.14101514,0.00000000,57411fb5a8ab4fef683d0e856ea0a76b989498a3185d81a3d29e0e74f82d036d,0,2.878117,99.40
128,seed_303,H_GAMMA,0,0.14096050,0.00000000,ce802ccf68e0c47b2f523f588a817652470a3071755a088d2c2e22c146571e75,0,3.043836,99.40
128,seed_303,H_GAMMA,1,0.14097352,0.00000000,e4124c5767ec485d0f20b6fdc6f6c5ed4bbb0743460b8441e04e8d334948efab,0,3.087678,99.40
128,seed_303,H_GAMMA,2,0.14101514,0.00000000,edd7860672e9787237e847c057d32e0e8a55dc0833f085f20fcb88fef07eb8bf,0,3.189596,99.40
128,seed_404,H_ALPHA,0,0.14111196,0.00000000,c0f1373f78814466711fdfdc63c4d1eb135dc4f4c0b969b0046b528b89e5a0d7,0,2.713628,99.40
128,seed_404,H_ALPHA,1,0.14145580,0.00000000,da6b2149d984a70fef0d18fe712d1945789903ced904a7b61fc30915a82e3105,0,2.765240,99.40
128,seed_404,H_ALPHA,2,0.14069148,0.00000000,67977ba996794d045cd13cfdf6e043b8ef0482e4426a239ffda44692c248c609,0,2.670801,99.40
128,seed_404,H_BETA,0,0.14095799,0.00000000,06d4010b8da043efce44498a53d3a18856c2b76bb8178f5a2b0890ee760ce4f7,0,2.758826,99.40
128,seed_404,H_BETA,1,0.14100468,0.00000000,d8845069246a590302632e45147d6c2b461c558485623d65e34e21fd1f6bc4b1,0,2.850101,99.40
128,seed_404,H_BETA,2,0.14095003,0.00000000,0615daa29a919a971e79500b9feb3f60f1d5d71bee4688aaa22fa38f044b8297,0,2.739275,99.40
128,seed_404,H_GAMMA,0,0.14095799,0.00000000,9d1833dafe18c27b24161f990476d91a0a753485d8a139e81cce323304c706b7,0,3.052078,99.40
128,seed_404,H_GAMMA,1,0.14100468,0.00000000,5d3aa8d6dd15f412cbcbce13d5f9fe6d50577fef8358a5589d75a91ee460f936,0,3.160722,99.40
128,seed_404,H_GAMMA,2,0.14095003,0.00000000,19df9899dd0876c660920c864947feac50b7aa8f944cbcd693233c7c8685f48c,0,3.016552,99.40
128,seed_505,H_ALPHA,0,0.14178956,0.00000000,6d522dddc1ff3dec7098443bb250253f8bfd425bd0bbc79ea5f0407f333e7bc0,0,2.716679,99.40
128,seed_505,H_ALPHA,1,0.14099335,0.00000000,c22c9e82f10193f26c1016935b883b948781496fb532bce6a6fac1706d52b637,0,2.633791,99.40
128,seed_505,H_ALPHA,2,0.14211868,0.00000000,3e7371d0da83407a49807129773cb22b1bca2b3340f490d84227923844c331de,0,2.753857,99.40
128,seed_505,H_BETA,0,0.14097847,0.00000000,6f065a12c8971429b15b52f6cb68042b08f4b6e9949023146c4559a6919f92c8,0,2.825210,99.40
128,seed_505,H_BETA,1,0.14093508,0.00000000,debb58ae0e255981bdbcc9d70d2f3cceb8f403dd63d388ee8a4e79dc597db2fb,0,2.700043,99.40
128,seed_505,H_BETA,2,0.14099593,0.00000000,8e9be687356aaf849a6862d1ea6bf1e6490465921721d19f5180d269d058e346,0,2.835765,99.40
128,seed_505,H_GAMMA,0,0.14097847,0.00000000,f2747a61c908782c73ab13882ecb7eca2e671ecf0a0c75662a720d3f3f9bb8a9,0,3.089493,99.40
128,seed_505,H_GAMMA,1,0.14093508,0.00000000,9c6c641e9fdaa9b040c6e4c8cf5abc696be86fbdfdc2a4ec5bc1c4abcf02f63b,0,2.980103,99.40
128,seed_505,H_GAMMA,2,0.14099593,0.00000000,2178dc6fec98ed4898497ffc74e23fab4fa289aa6d626aca7d1ce72ba75d81c5,0,3.135487,99.40
256,seed_101,H_ALPHA,0,0.14172328,0.00000000,28e47a8354c1211a0add1bd949f8760c16858316d2bde08f92382cba27362fbd,0,3.315943,99.40
256,seed_101,H_ALPHA,1,0.14175580,0.00000000,6b820c598ce084695c163a7e76ca6332809b80fadfa34cf8d2c18d46b6831e7a,0,3.281552,99.40
256,seed_101,H_ALPHA,2,0.14147629,0.00000000,3b91baa9b96eca3070925754a121d076c2c68172db6374e251b2b2712f43d82f,0,3.387178,99.40
256,seed_101,H_BETA,0,0.14114167,0.00000000,820bb35c1da6f1085ccaef9ebc1568a9c3ec5e18764830d4fcbd6cc21efefd7c,0,3.536244,99.40
256,seed_101,H_BETA,1,0.14112795,0.00000000,b0be7aed05874acbe6b00e3ee5b2e81830206f203ec78fd78776fb1d81da90de,0,3.487773,99.40
256,seed_101,H_BETA,2,0.14117635,0.00000000,ea48e97c86f018da056a9a680dc55587694985417c7fc9c5212069bab6603ecb,0,3.648840,99.40
256,seed_101,H_GAMMA,0,0.14114167,0.00000000,f5e6bcd503b0bb338ca850283455ab137f047842975cc742df002366d51abf52,0,3.917473,99.40
256,seed_101,H_GAMMA,1,0.14112795,0.00000000,650dbeace6fc3c89092b3f771891af6dbc46c0ec81dc38cb994d7ce5939c850e,0,3.876773,99.40
256,seed_101,H_GAMMA,2,0.14117635,0.00000000,1e7065cd4e7c09503d006f1f31955c0255eb19ac4a5ce007ca188ce1dd6d51ee,0,4.034428,99.40
256,seed_202,H_ALPHA,0,0.14163892,0.00000000,e7c131bc26aef3aa81f9fc6796ed10fda045f656708cafabd6c38bc7cf5eb9e6,0,3.374967,99.40
256,seed_202,H_ALPHA,1,0.14152389,0.00000000,5c473ede500f2d8311a05660a9b87d69926fb85e6cef6ff8bd06d8f694b87c8c,0,3.288461,99.40
256,seed_202,H_ALPHA,2,0.14157882,0.00000000,0543d0a78b4405ff06778a95ea2d360a34005d9dabfe6643714ce2db6948a03e,0,3.383453,99.40
256,seed_202,H_BETA,0,0.14117126,0.00000000,df45ed90610ac089ca3ba87ae3c0d9d312dddba39fb3e7364423a81b6ef1971d,0,3.633576,99.40
256,seed_202,H_BETA,1,0.14113098,0.00000000,c953575521c4e0021152c6b4f810c7dbf931f555b634c0a90303d1ed0de82434,0,3.516115,99.40
256,seed_202,H_BETA,2,0.14117227,0.00000000,40514aaca21ab33687f1cf84355d6d468b6bcf22a51a70ae3d10f230e2e94c20,0,3.631885,99.40
256,seed_202,H_GAMMA,0,0.14117126,0.00000000,3ca9234590888797e4d3aea826a3ca7718fdec88fcfca8782c4e025af725b479,0,4.008933,99.40
256,seed_202,H_GAMMA,1,0.14113098,0.00000000,b87939a31789a4449565b5cdf427a9d85c5251822175af001f1e69b1d585d415,0,3.885017,99.40
256,seed_202,H_GAMMA,2,0.14117227,0.00000000,688f84c8fc3dcb7799c01407bd1e62cf382ddeb99d30e20b7a0f24b90c4a468e,0,4.012099,99.40
256,seed_303,H_ALPHA,0,0.14159993,0.00000000,1b54bd95e12dc38481b0b663c5664459bf61e75025b4e5e4cdac23fd3ccb7bc5,0,3.324985,99.40
256,seed_303,H_ALPHA,1,0.14143825,0.00000000,de70bb9be68b9f65ffa55dc5d18556e773b2b138a4fc4311140b5730967f5f96,0,3.303773,99.40
256,seed_303,H_ALPHA,2,0.14149818,0.00000000,41be539dfb8f4784f4b7b4605352ca032e0a3cb937b7714e436bbb583ee4da00,0,3.418044,99.40
256,seed_303,H_BETA,0,0.14115582,0.00000000,8caa07d81ffbb891613ae0819dd089a5bad8a8936b51c09a61f4b1bd49339519,0,3.580572,99.40
256,seed_303,H_BETA,1,0.14114071,0.00000000,20f09315945fdce0674a4c08f29988400dcb6ddbe200de6894c3eb69ad3059be,0,3.540491,99.40
256,seed_303,H_BETA,2,0.14117299,0.00000000,a21356a374fe560dacd85cbd9e1eafc4536fb7ac5022f5a6b05d127fda3292c9,0,3.641547,99.40
256,seed_303,H_GAMMA,0,0.14115582,0.00000000,e3e97638d9301d47f256d2ad39eb8cd7259a35bf305a24387cc8e38cecd7cf5a,0,3.972140,99.40
256,seed_303,H_GAMMA,1,0.14114071,0.00000000,c70085c71f2c5e9b2ca87da44f32aa3d883c0fd70ac97a9810717be717bdf239,0,3.921963,99.40
256,seed_303,H_GAMMA,2,0.14117299,0.00000000,d1b95521f726954bb6243e115da5c8d95648108f04b0506c6f2fbe9ab40777e8,0,4.014398,99.40
256,seed_404,H_ALPHA,0,0.14154752,0.00000000,a89d659a05bae1cd18265db65f0195b69c2f69cdfec686fb284657625f4f121c,0,3.287632,99.40
256,seed_404,H_ALPHA,1,0.14157095,0.00000000,4a7019ef2d4d535df7a34086858fd466ddec700fb5860d04cd426259cc52b279,0,3.245526,99.40
256,seed_404,H_ALPHA,2,0.14161561,0.00000000,434ea5d4d6c3164af33ef31124e4bf3315fbf0ea40c52ed8643eab90d3ded1c2,0,3.418288,99.40
256,seed_404,H_BETA,0,0.14112750,0.00000000,80f1f84c371c13f11b8c46d891b4d11f9974e71f5a531d79be1abbbcdedb62d4,0,3.494078,99.40
256,seed_404,H_BETA,1,0.14111686,0.00000000,912fe232b9b2b92ce1295f4729dbdc8f12eb76687f3eb1cea90d2b98a5753dc0,0,3.458802,99.40
256,seed_404,H_BETA,2,0.14118087,0.00000000,e3f71a48eadc022a3165b1fafe7b6e78d248dbaf1edae088d819e2ccfa21751b,0,3.656841,99.40
256,seed_404,H_GAMMA,0,0.14112750,0.00000000,442b0089eb0858f289fe2fb4c67df16d645c7282adb1d077b7065a3551b68cc9,0,3.875686,99.40
256,seed_404,H_GAMMA,1,0.14111686,0.00000000,b25d3d1d6c0ba9cd6b6791d30e6da5c5bad5da52a9a3bf327fbc10c7b9fd725a,0,3.845370,99.40
256,seed_404,H_GAMMA,2,0.14118087,0.00000000,d098533b2ec59632884dee6fac9e6b3d918a6935aa590942d65d8aeb1c1f74ac,0,4.045384,99.40
256,seed_505,H_ALPHA,0,0.14162613,0.00000000,9a6b163be19911ce2ae2490b93161d68b5aa9474256e4a3f2921a41d7bee19de,0,3.307940,99.40
256,seed_505,H_ALPHA,1,0.14162363,0.00000000,561c82f43aad2b4a9acf0ce617e9d37bac1689884139794346b0f90078850233,0,3.394794,99.40
256,seed_505,H_ALPHA,2,0.14178536,0.00000000,d2a2f35942e7299760268a7e2b25d9cfb0f153ec52d1371ce484a30642a00df9,0,3.403232,99.40
256,seed_505,H_BETA,0,0.14113783,0.00000000,c78481871d5f7f7213a67ed8853d2c04fbf1fdac78341568d8d1b3f5e784dec9,0,3.526477,99.40
256,seed_505,H_BETA,1,0.14117005,0.00000000,501b337eed406b05556c4fbd40436b556f9b98d4f36934760d807af5aa33b0e1,0,3.633697,99.40
256,seed_505,H_BETA,2,0.14118216,0.00000000,eebaa80e7507eeedacde02c88ef1c7dc64997c163f8b8c168a66eaa0a5bae8b4,0,3.670534,99.40
256,seed_505,H_GAMMA,0,0.14113783,0.00000000,6b76dc9570d49d81572ed1927e317077e00facae937a593c593d75169e25ae76,0,3.908813,99.40
256,seed_505,H_GAMMA,1,0.14117005,0.00000000,dcc129e77fbd7f254f157b262146efcb5d1b6cf76a0709463f75deb65d8eb3cd,0,4.004904,99.40
256,seed_505,H_GAMMA,2,0.14118216,0.00000000,6babc094a6a0def048830d230b82ab2c3ef411e8d26d888f03b46592730a1d11,0,4.056046,99.40
384,seed_101,H_ALPHA,0,0.14149721,0.00000000,c0ceff9b66d4952ace6a3b3ad7dc48d10e23f681b3ce712324607e3ca377dc88,0,3.673459,99.40
384,seed_101,H_ALPHA,1,0.14163944,0.00000000,63e5d4d7f271a639ec0cbd6a2d7c31995e339d119f73dffbb5bfc9de02830ab3,0,3.785491,99.40
384,seed_101,H_ALPHA,2,0.14164701,0.00000000,c927e3fe071a52f1a8f0086e83dc4a527ef6059697e51f4a45ab691f15062c2b,0,3.478681,99.40
384,seed_101,H_BETA,0,0.14122392,0.00000000,14646a58be792887f37e571db37aed86b0e6096182574aa9a4b03388ef2dd3dd,0,3.970166,99.40
384,seed_101,H_BETA,1,0.14125522,0.00000000,fc130928543f8cec75f916453bb1747426b8cdec846da8fd4a3f19bc5417a8a4,0,4.099783,99.40
384,seed_101,H_BETA,2,0.14116127,0.00000000,244586c314222975c2fa048efde8ae9729a47d3fdc44c52ff5304067d5bbd1dc,0,3.757490,99.40
384,seed_101,H_GAMMA,0,0.14122392,0.00000000,b758fb0f168f26a39f26e2ffeca047d2f47b88c815b7ee2439bb38104105bb6f,0,4.357121,99.40
384,seed_101,H_GAMMA,1,0.14125522,0.00000000,7b76cdb2ba700ce63fbe2654c23dedbdd80d9b1f1b6ea9c31fd7fe9c9b48ffdb,0,4.485055,99.40
384,seed_101,H_GAMMA,2,0.14116127,0.00000000,18155d8788fc0a80382a65d987b0639ad57b52a48cbcda2c6f1713ab4d7b6c65,0,4.137307,99.40
384,seed_202,H_ALPHA,0,0.14163709,0.00000000,b3adb2807498a74b82ca71717ace6ba386703f5c95eb8b452fbcd23a6aafefcf,0,3.674245,99.40
384,seed_202,H_ALPHA,1,0.14164940,0.00000000,d9f300b7edcb9a95de3d2745c5661276310473f0db123fe30d1f1800ae3de5a2,0,3.666743,99.40
384,seed_202,H_ALPHA,2,0.14157204,0.00000000,6226aef99e763eb5d96579a5062cdcb33892c21e045f1f96fb8f1bc37761b29d,0,3.619682,99.40
384,seed_202,H_BETA,0,0.14122331,0.00000000,e9c745bd3fb3def5e60eb93106360205287015c8996b6e7bd656080a676fbdd9,0,3.984804,99.40
384,seed_202,H_BETA,1,0.14121999,0.00000000,b90474e20e225f64c5928c4933527cab6b225f090bfa55776412bf3fa602acdb,0,3.954873,99.40
384,seed_202,H_BETA,2,0.14121778,0.00000000,05e3a022690737406889047b327ce4ba5d05022500bacf4c036e1d3bb801cf21,0,3.946305,99.40
384,seed_202,H_GAMMA,0,0.14122331,0.00000000,670dd9ad45f3e6b2ac1400f4ebbbfb3e49df6e9d597f89b02f57fef6a0473d16,0,4.369122,99.40
384,seed_202,H_GAMMA,1,0.14121999,0.00000000,97eadc6bcbb493453ccc301241577338c5877d4938e25c10d0ae2fc42bee956f,0,4.348036,99.40
384,seed_202,H_GAMMA,2,0.14121778,0.00000000,ddd7e2c7f59c21d705112640dcc2b11c847aee8108b7106fa17f0e841ce2caa1,0,4.332271,99.40
384,seed_303,H_ALPHA,0,0.14165319,0.00000000,819f76b00394fbc75e89928e2cc0fd1486e80d97b33ae2483419f7954c07a448,0,3.600600,99.40
384,seed_303,H_ALPHA,1,0.14154697,0.00000000,16c6d3fe2b7c27b5b8fc5508b3460a1fce619b4150f548b3cd5f567f9039d6c7,0,3.514476,99.40
384,seed_303,H_ALPHA,2,0.14167390,0.00000000,c681836a0f6348862b84d6d8f297338bf3a46231564c58b95e7307ded7e85bdf,0,3.592210,99.40
384,seed_303,H_BETA,0,0.14120212,0.00000000,6633c74cae265695ac6e31ff53afbb7aff43757bd52cd469ba78d4a9c9699996,0,3.888846,99.40
384,seed_303,H_BETA,1,0.14118086,0.00000000,ce3f08a59cb677d90ec84e522b7f3c67430b4953d4a4eebf17781853e5f3264c,0,3.821364,99.40
384,seed_303,H_BETA,2,0.14119568,0.00000000,4922c16ce8ff26cd48683d84a1b1dc86a14859e02d46df814dabcfc7b1103f5c,0,3.872639,99.40
384,seed_303,H_GAMMA,0,0.14120212,0.00000000,4de9de85929f034da597dfcaf52377217653d67f2ec695cf3bdd00bf75a8a011,0,4.274551,99.40
384,seed_303,H_GAMMA,1,0.14118086,0.00000000,a9bf277b63db37eaead163df983c97cc6303782a1c339810a0ccd860bb06b883,0,4.203966,99.40
384,seed_303,H_GAMMA,2,0.14119568,0.00000000,fa0f57beb954e98d6f3a5297ac97dbcf91b2697a7b1e249154f41a913a865438,0,4.255589,99.40
384,seed_404,H_ALPHA,0,0.14151934,0.00000000,468ec11de5b50ba565c9a79293f3ed8545bac6bfc868c89ca77bf160c39bd231,0,3.586218,99.40
384,seed_404,H_ALPHA,1,0.14161863,0.00000000,c90f937b40be95b815185c67d5ca9ad46837819762f4812a19a5fd20c9e98999,0,3.676279,99.40
384,seed_404,H_ALPHA,2,0.14161867,0.00000000,376895f183b0165ced6acfc5d4dd60b57ac26114bd626d3c71a030d1d33260bb,0,3.733397,99.40
384,seed_404,H_BETA,0,0.14120542,0.00000000,f407d6702a960eb3f1a1136efcac9eb66dcd635d516743d4ac70d1599de9a2ae,0,3.907821,99.40
384,seed_404,H_BETA,1,0.14123376,0.00000000,26dfb88541a6635f16c8103f2f7a57bef5a668961a70c5d7f33f2889572c7bb6,0,4.007414,99.40
384,seed_404,H_BETA,2,0.14123046,0.00000000,fc95f446cb4836717cf78cf6ce4ce59dfd9a20c1773069bbee3acbc0a9c725b7,0,4.015009,99.40
384,seed_404,H_GAMMA,0,0.14120542,0.00000000,bbb4eb354832d398c42d3819851da35429c0b040096c7ee4246c4dda7d7494c3,0,4.288665,99.40
384,seed_404,H_GAMMA,1,0.14123376,0.00000000,270bc5300f04c2d534c106d7375164da764dedc3a7275f9cd76e35fba339705d,0,4.392425,99.40
384,seed_404,H_GAMMA,2,0.14123046,0.00000000,d8d177d98b096816e957fb9e3dbbb78511e6052e7e28547fc46fc22683068360,0,4.421072,99.40
384,seed_505,H_ALPHA,0,0.14162365,0.00000000,3b51b55e476d11bed034fb05c43d62ce136670701e7d28de72153a1fe3abdd82,0,3.676708,99.40
384,seed_505,H_ALPHA,1,0.14161965,0.00000000,c36628f6101f397673b08e1483848e79da42a88e8e0e94333c3a1360300e7417,0,3.633433,99.40
384,seed_505,H_ALPHA,2,0.14169080,0.00000000,e225f4002d8199a61da72343c3d4a3d5c676a9aad66e26f9522b80b2c60496d7,0,3.755731,99.40
384,seed_505,H_BETA,0,0.14123150,0.00000000,b4162d790d3ba373bf40cedaa18bfd9a5214a3df52d07d71488520e99fe14ea5,0,3.997464,99.40
384,seed_505,H_BETA,1,0.14120816,0.00000000,849be23e622f684e039b840907668b13d4aba48c7d1b0fbe88a2361ea35db3cc,0,3.912203,99.40
384,seed_505,H_BETA,2,0.14125486,0.00000000,a624b75049df50598dba347d02c3eaaa199669fd0c9447ba6efff47ab1ca9592,0,4.087369,99.40
384,seed_505,H_GAMMA,0,0.14123150,0.00000000,a9c358997909c8301f0057b4ab0ef53ac0e5d79f29661789229f8d56248d2d6f,0,4.382616,99.40
384,seed_505,H_GAMMA,1,0.14120816,0.00000000,f60d35b454963013827076c0f5a1239b30e5feeb6667443ad38a0b9a4b9835b7,0,4.297720,99.40
384,seed_505,H_GAMMA,2,0.14125486,0.00000000,b5e0706e83621a510795ed7dac2b63cc8d4b5bd079882a7ee4467eae2d8a8404,0,4.476183,99.40
432,seed_101,H_ALPHA,0,0.14157580,0.00000000,da08d26a0d96a8743d2347c2b4f5d7a7a23ef2c3e13d1af314774ab2ddfd32ea,0,3.610672,99.40
432,seed_101,H_ALPHA,1,0.14164440,0.00000000,517a3d60714190b586295e19c32bc4b55bcc6b19f773960ec4eec78d4859fcee,0,3.690028,99.40
432,seed_101,H_ALPHA,2,0.14163070,0.00000000,770831619dbf823a437adaed2803a88e38b2c3695e7fc5a5f0098a475d400f40,0,3.723337,99.40
432,seed_101,H_BETA,0,0.14120010,0.00000000,9c318895ddde8381213106f88e946b96742c30a835a4bc0835fbf07ab80e663b,0,3.915388,99.40
432,seed_101,H_BETA,1,0.14122444,0.00000000,31eb7a2a93b888ff12658f0bb2c3dd4b7b6a95060c1fffc85688f1bbd06654e3,0,4.007234,99.40
432,seed_101,H_BETA,2,0.14123417,0.00000000,82de22fd990a468be7adc86f1ab39f2a420dec7730a69816476818439af6ecbf,0,4.057695,99.40
432,seed_101,H_GAMMA,0,0.14120010,0.00000000,81464a1d3279899586b68e2e234469eeaf9bf0fea6d448b038fbf224cf12436c,0,4.306698,99.40
432,seed_101,H_GAMMA,1,0.14122444,0.00000000,c18e56b861cf58555ec1bf445f91ac60591c384633ba8787b3328299138df31e,0,4.399103,99.40
432,seed_101,H_GAMMA,2,0.14123417,0.00000000,770597cd9e31d95e303910b635452318b99e838c32ec19e65389b6e708b7b9ea,0,4.429119,99.40
432,seed_202,H_ALPHA,0,0.14158684,0.00000000,9c8f3bad9b59b10b10ee83aff110548f91f8c82f9689a4e3e6a75008c76e97e6,0,3.763676,99.40
432,seed_202,H_ALPHA,1,0.14174294,0.00000000,0ec6153c62c81f61b22c1ec008ed6cf1b8a7f3de3c4b477aaeed64591654a24a,0,3.695798,99.40
432,seed_202,H_ALPHA,2,0.14161192,0.00000000,22eb13456b2be0764646d0e6f1d2d8d55dacab54fc5092f2568275c0b759ec72,0,3.749635,99.40
432,seed_202,H_BETA,0,0.14125094,0.00000000,cab54cb6ce772f792fd8f060e08aa24ade29fa2893d2fd21547aa2f73e34f6f1,0,4.113908,99.40
432,seed_202,H_BETA,1,0.14122304,0.00000000,db79f306e7baf4b5534527e63cebab62331c265b9412d7f402027487609ab892,0,3.997363,99.40
432,seed_202,H_BETA,2,0.14124010,0.00000000,f158b06e3c1101bb024713e5f49b40b752ab5445ac46cf7b95ec81944b574056,0,4.085505,99.40
432,seed_202,H_GAMMA,0,0.14125094,0.00000000,4b97dff221cee31bd59467d66efc210da383f365fc2c6f0306158b34fdc299dc,0,4.494704,99.40
432,seed_202,H_GAMMA,1,0.14122304,0.00000000,f2c99a48adbe46a629c94ab88244a26e495023c81719b4c39c273322e448eeb6,0,4.387706,99.40
432,seed_202,H_GAMMA,2,0.14124010,0.00000000,53a60f08d96c81eefe38963c05c36fee47e4bb90102c596be48508368a7e6466,0,4.472663,99.40
432,seed_303,H_ALPHA,0,0.14164176,0.00000000,2135ad20dd4138ad11837d033fcc57c1cf8c0519e12d227d9e02fc84129e8bc8,0,3.736118,99.40
432,seed_303,H_ALPHA,1,0.14157866,0.00000000,fe1b25f33e05620a231e04139e63ada35750c93fd0c0dd18814bb6d14e9ea884,0,3.691497,99.40
432,seed_303,H_ALPHA,2,0.14156875,0.00000000,5263573ed99d3eb92232285f57158809da5052f89b48ce44a05f5a57e8d2b679,0,3.636941,99.40
432,seed_303,H_BETA,0,0.14123954,0.00000000,fa95c4d391c446df28b26a983b4bba6ebf4bb632971d6258ba342de81da47734,0,4.066411,99.40
432,seed_303,H_BETA,1,0.14123099,0.00000000,38676932316c8afff5e1c54878991e9f667cd8db7a903765c8be316221344103,0,4.027514,99.40
432,seed_303,H_BETA,2,0.14121134,0.00000000,7d295a2c8286fe0997ffee42e4565ed0b89b19ee5a55bf19b7a26679fc1e54e2,0,3.959483,99.40
432,seed_303,H_GAMMA,0,0.14123954,0.00000000,bce72a644342a69ecbebda26ade5118f65d564995906278b150941278191417a,0,4.451490,99.40
432,seed_303,H_GAMMA,1,0.14123099,0.00000000,b72e7e7d9b7d28d3fa825030c2f57dc33cc5ea63a06253c685374c61d390467c,0,4.420753,99.40
432,seed_303,H_GAMMA,2,0.14121134,0.00000000,9838d7a322fde2c4b6b32d54148fc842cb9a746a997e89f964e86b83353d26d8,0,4.343194,99.40
432,seed_404,H_ALPHA,0,0.14155111,0.00000000,3913891b96527580eb9ff322ed20f01072e4076acacb299a37bfe5c55905cd52,0,3.654695,99.40
432,seed_404,H_ALPHA,1,0.14158327,0.00000000,2accfe998f285fe206fb7231c74a49e244f8a1032f9ccbef6679546ffde06284,0,3.650133,99.40
432,seed_404,H_ALPHA,2,0.14163689,0.00000000,ab0775cc48097704862c6bccac5bbd184b6c510af3932fbb7f30a753a8dff450,0,3.795455,99.40
432,seed_404,H_BETA,0,0.14121585,0.00000000,35055c2b4d42ff9f8cf32fd7303103007012af3cc0a29c82fc1a05a1f3e59d7b,0,3.969334,99.40
432,seed_404,H_BETA,1,0.14121791,0.00000000,be6204191e880304ce04d941577ffa80298514e78c22b7781930c9252e1bede5,0,3.983681,99.40
432,seed_404,H_BETA,2,0.14125435,0.00000000,2eac6a15a4d0b78c4845818ec472fe0d29b587eede041d2f60c5b9f019036275,0,4.123044,99.40
432,seed_404,H_GAMMA,0,0.14121585,0.00000000,71367c6691b3a483e0cf1e5679be0712765a5864d7a601a7dee74fb1ecd155ce,0,4.359860,99.40
432,seed_404,H_GAMMA,1,0.14121791,0.00000000,566b9c42374b0f068e39e99c1df69c655f13a0812ab273315f1dff3ff0bea64b,0,4.369390,99.40
432,seed_404,H_GAMMA,2,0.14125435,0.00000000,1bbf242674513d99359c5d56dcc40e627ee8e52c9e0a586c58b5eeca4383f5c5,0,4.512209,99.40
432,seed_505,H_ALPHA,0,0.14158622,0.00000000,dd090161aef75e586492133f06aedaf00ee7f09ee61db0edfde151bc6edc4dcf,0,3.657125,99.40
432,seed_505,H_ALPHA,1,0.14150862,0.00000000,f1f55b4059a5f01ecc9692e81894e14c8e9685649015a7acf620f0ac1136d416,0,3.685192,99.40
432,seed_505,H_ALPHA,2,0.14162261,0.00000000,e248d1fa770b468aacb0f41a51642b74c1b4bebc7f0b5ed8d4420adc39c68b1c,0,3.647617,99.40
432,seed_505,H_BETA,0,0.14121665,0.00000000,aa54b4efb8210ab7d501553a87ec445ee8557e1343ae626afd87e5c6c953d5fd,0,3.973416,99.40
432,seed_505,H_BETA,1,0.14122975,0.00000000,446de8a680161bd9a99ad1f4befc6422d7b22d259fd49676147f880717df3884,0,4.044589,99.40
432,seed_505,H_BETA,2,0.14121541,0.00000000,74ae6a4e0e61963b7c28ca8274d298deb2151c693921d0c4ccd826e9f2524bbd,0,3.974416,99.40
432,seed_505,H_GAMMA,0,0.14121665,0.00000000,45f599c0f245ad7c805dfe9221e4f2c2360fdf4554997b65f8537dfe882cf934,0,4.364489,99.40
432,seed_505,H_GAMMA,1,0.14122975,0.00000000,2a9868c22d4c604580faa6d2229373b1fe8bcbc29439e10a66310b0fc1906693,0,4.438283,99.40
432,seed_505,H_GAMMA,2,0.14121541,0.00000000,71f415e66d4330d4d9a63d86c9fd6d4c5dbe28a5be2975815f2128c4fe18b91e,0,4.358898,99.40
480,seed_101,H_ALPHA,0,0.14155435,0.00000000,c16e0c8f660457e71ecdfb5c56bafdd1b016569987cba277d5f0778db239a7c4,0,3.744263,99.40
480,seed_101,H_ALPHA,1,0.14165839,0.00000000,f55c6a8073b4822299edc5cf519f0189bb5051c30f0c1b61f9f8761428ee3132,0,3.750224,99.40
480,seed_101,H_ALPHA,2,0.14166601,0.00000000,18fd2e1494ced8296a9f5147016ea62aa9356f85adf1eef88e9a2482d5f6b984,0,3.751495,99.40
480,seed_101,H_BETA,0,0.14123854,0.00000000,d8b6d4eebe2f9ff69f8ac0924bbf7486968d778da4e313b9a0458ac4d498fb94,0,4.087280,99.40
480,seed_101,H_BETA,1,0.14123902,0.00000000,cedb1006801d68370b7f8d6a59f0ad763f5c57c9285d12847bba7ba18ac9c01d,0,4.083588,99.40
480,seed_101,H_BETA,2,0.14123692,0.00000000,f0d7a1c66e4cb6fc88d4dcd5a00078009817b36cdfc8765d758948c45f16a211,0,4.075858,99.40
480,seed_101,H_GAMMA,0,0.14123854,0.00000000,a5f7f5370815070a19f0680668863c003f176c3a0bab68fff2d02f340b375319,0,4.472792,99.40
480,seed_101,H_GAMMA,1,0.14123902,0.00000000,65bddb37d47e470d34d52487e56e62a240ec67e2cfaacffb67074fbc028a78da,0,4.475966,99.40
480,seed_101,H_GAMMA,2,0.14123692,0.00000000,beb97659ce46810a4ab1be7bb2cd69d93e2e85b7823853d295a8ff6ade9abfbe,0,4.466036,99.40
480,seed_202,H_ALPHA,0,0.14159070,0.00000000,b9d8bc7894d03c724dbee00e8a75a66ee6943939a05cc9a45b27542be0333509,0,3.730647,99.40
480,seed_202,H_ALPHA,1,0.14161613,0.00000000,ab17329b4acc57dcffcb6028d5b05acf24a74ba5d94490d38393257b486f3d39,0,3.754021,99.40
480,seed_202,H_ALPHA,2,0.14155928,0.00000000,a678ebe8dc996b58f98cb3b2045093473089b7dd1cd760e4450e1f6b86f47975,0,3.734662,99.40
480,seed_202,H_BETA,0,0.14123574,0.00000000,0d684267aa031056c96cbfd62b2cd525debda5338fa501d6159538a9142c2447,0,4.066585,99.40
480,seed_202,H_BETA,1,0.14123709,0.00000000,2016dd2244094a3122b27c2763c2edd5fc9ed26e1fc1e3e5c6c52bb68cb4ab65,0,4.082506,99.40
480,seed_202,H_BETA,2,0.14123426,0.00000000,7528bfc105c777906b0eb5ba93f9c126d4cf3f270afe973f0b91ccf62911c87e,0,4.071335,99.40
480,seed_202,H_GAMMA,0,0.14123574,0.00000000,f3330178a425c1a3ea1f7191b687a23125c1c750d34980e27f56b83c47078227,0,4.461892,99.40
480,seed_202,H_GAMMA,1,0.14123709,0.00000000,b64fc9d352c4838f2975094067f341e426cff1d89aa8c4c6a506631e932833a8,0,4.471620,99.40
480,seed_202,H_GAMMA,2,0.14123426,0.00000000,4f99cc50b9c939d5b556eb9736541e3b8f08c2479b1ef63d303e028d44a37e9f,0,4.467252,99.40
480,seed_303,H_ALPHA,0,0.14160877,0.00000000,f6bd459c99566f644dca64e0b467fe5b12ab997dc009300e218828bd71f1811e,0,3.730568,99.40
480,seed_303,H_ALPHA,1,0.14161411,0.00000000,9f572b843ea3fce054cde22b2e0c902ed3bb0b12beda390d2e2e38f9992ed84e,0,3.728688,99.40
480,seed_303,H_ALPHA,2,0.14159148,0.00000000,7065fcbcc865fcc7a2e8e97a670e3f0b9bf8da283823e1a2eb60e05c671f2fda,0,3.771125,99.40
480,seed_303,H_BETA,0,0.14123538,0.00000000,ba385821d87c2232a39f5d362b878ec31b66cbc05e18b77652f79e64ec4f84fe,0,4.070345,99.40
480,seed_303,H_BETA,1,0.14123210,0.00000000,27cc13427895b08e026dd1856f346c7aa02206f3b19f1f496a3408f7ca02d132,0,4.057182,99.40
480,seed_303,H_BETA,2,0.14124778,0.00000000,67d4608ba4d420c2090990a04919ceb9bff08cd6508c4990fbd184afbdbe2371,0,4.124178,99.40
480,seed_303,H_GAMMA,0,0.14123538,0.00000000,f1329ffa3b33dcb346ab5ae7b0a2c3f398d719e5f93ed29d123bd68a434a8429,0,4.462855,99.40
480,seed_303,H_GAMMA,1,0.14123210,0.00000000,17a58e35a0f97a66ef7c8b2bcc64a20460e16ba2c1446e2a5873f1b94a7798f6,0,4.450458,99.40
480,seed_303,H_GAMMA,2,0.14124778,0.00000000,967a889cb059f4972ebea65556cb9ed7f78d19e4776dae9fb7e98f5432e9484b,0,4.508312,99.40
480,seed_404,H_ALPHA,0,0.14163972,0.00000000,f276ecae8253c418b6cd3d6f3bacef9d8b565248fc3d98aed8ad7d7725ab30d1,0,3.691558,99.40
480,seed_404,H_ALPHA,1,0.14159721,0.00000000,6e4a88d733c449165311df32b901efb2acba1185bb6d0e124844daa814ba8f74,0,3.718362,99.40
480,seed_404,H_ALPHA,2,0.14166491,0.00000000,8bdde0db925beb9c09047ae4e4c82d8698a137f7face46b553481833a364f2e1,0,3.803731,99.40
480,seed_404,H_BETA,0,0.14122544,0.00000000,00982c929aa82dee39d26d9327607d51511c3ca8fc1dcfb95569b6b05c47ca78,0,4.045145,99.40
480,seed_404,H_BETA,1,0.14122446,0.00000000,1e0100120b1d8b7609eba8e808da03d9c1367cb7d9d28899f93a3c4b81314ba5,0,4.056082,99.40
480,seed_404,H_BETA,2,0.14125837,0.00000000,6780ed3ab3e3ca13089edc3052a63cefefffb68553a9c53140b01fbd73d3f3df,0,4.165919,99.40
480,seed_404,H_GAMMA,0,0.14122544,0.00000000,b1fdf232a0d57f5e3ad3adf5b2ac035cfe6080823d5715dca55650acce9cbec0,0,4.444967,99.40
480,seed_404,H_GAMMA,1,0.14122446,0.00000000,45e1af05717b481892b09c02bbb25ae7b7c3b52cf74790f6f25d72265a871bf0,0,4.418893,99.40
480,seed_404,H_GAMMA,2,0.14125837,0.00000000,4f9023b09b3b815ea9ddfb4978768e84256772b88fc937e8d924da8a4e9274e2,0,4.557358,99.40
480,seed_505,H_ALPHA,0,0.14154455,0.00000000,421587b7c3d1da0048da4a10dc38f3478269841309f9dc2e8245ef1b09ada90f,0,3.774896,99.40
480,seed_505,H_ALPHA,1,0.14157914,0.00000000,fbb1a849adb37eed4a76a34b7289e6d47de171fe9850d45390c84bcc388440b1,0,3.744696,99.40
480,seed_505,H_ALPHA,2,0.14161867,0.00000000,7e1f28674c510a6b90fb048d02e3f3add01d8a56a239ba037dce15dfd51665f2,0,3.675686,99.40
480,seed_505,H_BETA,0,0.14124533,0.00000000,5d25df709425baf2543dbe69924e61d18f4ec27b4fd136b34c87b97efceaea14,0,4.148644,99.40
480,seed_505,H_BETA,1,0.14123787,0.00000000,55f764cbc6ba9f9507a890b2889f49ed6572fe132864f0ef884bbaee71dd74ba,0,4.079401,99.40
480,seed_505,H_BETA,2,0.14121253,0.00000000,1beb2d77faec17e31c9fbbe18d1678944b349dc045d1621a142beaf9726d9a23,0,3.991918,99.40
480,seed_505,H_GAMMA,0,0.14124533,0.00000000,d95a821ca9ae7a1ca382403bea410d8167673295814d69dcc12257256a0200d0,0,4.504904,99.40
480,seed_505,H_GAMMA,1,0.14123787,0.00000000,a85b0d7801c2eb7a6ca42d2b0f554916e01371077acd273d76b1b49a68f9c455,0,4.474512,99.40
480,seed_505,H_GAMMA,2,0.14121253,0.00000000,51e943b60c4c25e5c67411fceccb988c02a2a326bb28b6b1515b48b2a85d7473,0,4.375124,99.40
512,seed_101,H_ALPHA,0,0.14163175,0.00000000,952a1ec2bdc0e1710bb14c4c50209da4a37328b3d34476beca84125f616cca9a,0,3.755344,99.40
512,seed_101,H_ALPHA,1,0.14157248,0.00000000,be196d8f3966053f377fb349bfb1f911e636a9c5f8a3eebfcd3e3df3d7db095f,0,3.724336,99.40
512,seed_101,H_ALPHA,2,0.14158297,0.00000000,97911a1067e92768477fc257f71568c119f7527f89e6ef30ab4905f0a32146d3,0,3.647056,99.40
512,seed_101,H_BETA,0,0.14123059,0.00000000,69e79e90d04749a394ad00977513ee1620f85b7b1bdf21f104c52214e5a94462,0,4.081562,99.40
512,seed_101,H_BETA,1,0.14123182,0.00000000,ef4f9aabf3137e217a59e25a986fc2b2f517a4b568748a3d2ba21d36e244c978,0,4.076814,99.40
512,seed_101,H_BETA,2,0.14120434,0.00000000,461e7bada782ffec4aa166222e63d89010500d5626a1bb3e1da9e0104f8d744f,0,3.969440,99.40
512,seed_101,H_GAMMA,0,0.14123059,0.00000000,121dba16624b6edb90eb3ea3354a98fcbbee12716405aa347e4fead18db89b73,0,4.459383,99.40
512,seed_101,H_GAMMA,1,0.14123182,0.00000000,d406d795b8c5cca1353622464ebeccb8c53d384e6a9c16da4b2ad09c9ae4f833,0,4.460465,99.40
512,seed_101,H_GAMMA,2,0.14120434,0.00000000,4872abf76bade19d38273481e836a383016a1dac0923219a72d4ee4c136d3e45,0,4.361181,99.40
512,seed_202,H_ALPHA,0,0.14160942,0.00000000,791597afd74f46d80c39ae28732d009c727837f1935d5a3d9e825e18bd948923,0,3.714626,99.40
512,seed_202,H_ALPHA,1,0.14156238,0.00000000,97c2d612d9341ddef3a94547d232482f53a6363ca99e3011900afaae29c2ce67,0,3.810830,99.40
512,seed_202,H_ALPHA,2,0.14161734,0.00000000,c5fd87d75dc5dcc15717bbf0099e7a5ede51a1fc005fcedffdb39cf7a5721aff,0,3.804962,99.40
512,seed_202,H_BETA,0,0.14123069,0.00000000,995b49c9f2da490ab4da3e5ce5a96313c50339c79850bbd6196b8abfa8680a90,0,4.068162,99.40
512,seed_202,H_BETA,1,0.14125454,0.00000000,36d324d6ee93a92db598840458f0244e710bf8108ecef5124a57178ff30d601a,0,4.176601,99.40
512,seed_202,H_BETA,2,0.14124786,0.00000000,1d1827664e9c82dd96267f0ffa13d7e6a168a2c1d37fb3281a48b26281c1b5f7,0,4.142751,99.40
512,seed_202,H_GAMMA,0,0.14123069,0.00000000,2098a0b9edabc1599ec84918a3dd09528ecbf136cd517702ebab38796e78438d,0,4.462765,99.40
512,seed_202,H_GAMMA,1,0.14125454,0.00000000,48d2ae33ec700f047aa844d8eaecd4a521dc6a0ad3f49b187064ca09f333a94f,0,4.551285,99.40
512,seed_202,H_GAMMA,2,0.14124786,0.00000000,c32ec457867c581a6eb07af3f9abb632c0e9d6cf825c007b790c22a833d34b02,0,4.535064,99.40
512,seed_303,H_ALPHA,0,0.14163416,0.00000000,deaeb62ea68f11781296dbc7dd620f31d48b6e1f8c5f1ad470d0261bcfef09ec,0,3.764156,99.40
512,seed_303,H_ALPHA,1,0.14173335,0.00000000,b350ccf4dc70a5e8e0464dd0c2782fa2c71a0f992521bc3683a2acaa71224122,0,3.746651,99.40
512,seed_303,H_ALPHA,2,0.14161317,0.00000000,fa7871ac919709dd20b2109f41fe5c5c733bcea3e811a15d2954bad0467d4601,0,3.781360,99.40
512,seed_303,H_BETA,0,0.14124084,0.00000000,461a82bd560ffb3225bc5504915948b69013ee2ead730a9096ae4635b279de29,0,4.116913,99.40
512,seed_303,H_BETA,1,0.14123924,0.00000000,470842d13efa5c7e6534d674397913d79c2b70a481f37b8dadbd5776c6e088e5,0,4.101082,99.40
512,seed_303,H_BETA,2,0.14124985,0.00000000,77f933e9843ff52bd14b652865ac744cc55e6155a32bbf3e38275c8aa8437adf,0,4.150674,99.40
512,seed_303,H_GAMMA,0,0.14124084,0.00000000,a7f79686f718241c9162f58c12c975e43a203ee9bf08aa69119b9808e23400d7,0,4.495693,99.40
512,seed_303,H_GAMMA,1,0.14123924,0.00000000,c0c02acffa75ea90909e6bb29cf92fdd1d0d4c15291acb98894142c2611a810b,0,4.496920,99.40
512,seed_303,H_GAMMA,2,0.14124985,0.00000000,9f0e624f1b525c4b5bdd9bde858acd9124f33bccaaa63632e4fe253f3bf14ef4,0,4.534889,99.40
512,seed_404,H_ALPHA,0,0.14160630,0.00000000,695f566e56ba59ec29a6800b34896c6948172d0dfce3be23ae9b178f5fc0f9f3,0,3.858336,99.40
512,seed_404,H_ALPHA,1,0.14162935,0.00000000,6ee36fba775b05a6b472578c176a7039efa39c758658d442b44e38d67800d819,0,3.765732,99.40
512,seed_404,H_ALPHA,2,0.14149561,0.00000000,624c6f092d243a29e5aece563c455fd1a3339c947edb3c604e3ec1d833bd4e01,0,3.731242,99.40
512,seed_404,H_BETA,0,0.14127107,0.00000000,fc99bb5a23a0e9abfebf56adba5c3723cfad0ef8e9ee8a7f552eb9f082f87c0e,0,4.240023,99.40
512,seed_404,H_BETA,1,0.14122947,0.00000000,7e28bf5d298557e75b1121d5c5e85e178aabec534a71d89127b7ff35d842e164,0,4.069147,99.40
512,seed_404,H_BETA,2,0.14123253,0.00000000,6ef03a61cdbce1175a2ee74ae952443f47efef980ceea2d9a749aa49c648f96b,0,4.078868,99.40
512,seed_404,H_GAMMA,0,0.14127107,0.00000000,8a695d078cc040f4c11f11c9aee019a74f5dd49d1d4e1f682c5d43f1719d0a45,0,4.646210,99.40
512,seed_404,H_GAMMA,1,0.14122947,0.00000000,65b4ea43577903d002e882992ef8146a13066c216ba4155b625c646cb6918783,0,4.455103,99.40
512,seed_404,H_GAMMA,2,0.14123253,0.00000000,bfa2036b017ebe05e212fdbf7562a0bfb9e2d8f1f0d576d2b077c9acf2e7897c,0,4.485137,99.40
512,seed_505,H_ALPHA,0,0.14157964,0.00000000,1eba94218ecb6b083934b011b0e1e263f42722adee055c287c1daca6cae008fb,0,3.725036,99.40
512,seed_505,H_ALPHA,1,0.14163297,0.00000000,1fa07e5e9cd424f26d1ee33e4994d97eda18d1cddfa41997223ad696a5d1bf48,0,3.832105,99.40
512,seed_505,H_ALPHA,2,0.14162230,0.00000000,8f23bf44b78ccf7f1a49ac113234e10e7c3b44547890b6443e944f1d6fa94b2a,0,3.816821,99.40
512,seed_505,H_BETA,0,0.14122679,0.00000000,4d1d976aa3ad99fffdaf157c51f90f7372f679f37db9b26fc3657fcb29836ba5,0,4.054494,99.40
512,seed_505,H_BETA,1,0.14126185,0.00000000,be9bb7bcd9bf6026c20eeb132f33e06756746288c30485247b372d36b34ab033,0,4.203863,99.40
512,seed_505,H_BETA,2,0.14125474,0.00000000,92223940d13c81203e841b8e5afa85ee386c7ce869c5abbc5795cc324eb734e6,0,4.162929,99.40
512,seed_505,H_GAMMA,0,0.14122679,0.00000000,28698a7003468514b50fa7b4fdef89113adcec266ce8f53fe56e4e60f91f8e78,0,4.441665,99.40
512,seed_505,H_GAMMA,1,0.14126185,0.00000000,d7584535369c695f2e6656a3117c8b31deee4ad6e36e7ea9cfbd0cc70820574d,0,4.588343,99.40
512,seed_505,H_GAMMA,2,0.14125474,0.00000000,2ae9f71a58729094d93e8ee0b2ebc7ae9049f4a77bd7595db46b5fe63ee3fcbf,0,4.552742,99.40